catalogNumber,Lat, long, elev, period,MAT,MWMT,MCMT,TD,MAP,MSP,AHM,SHM,DD_0,DD5,DD_18,DD18,NFFD,bFFP,eFFP,FFP,PAS,EMT,EXT,Eref,CMD,MAR,RH,CMI,DD1040,Tmax_wt,Tmax_sp,Tmax_sm,Tmax_at,Tmin_wt,Tmin_sp,Tmin_sm,Tmin_at,Tave_wt,Tave_sp,Tave_sm,Tave_at,PPT_wt,PPT_sp,PPT_sm,PPT_at,Rad_wt,Rad_sp,Rad_sm,Rad_at,DD_0_wt,DD_0_sp,DD_0_sm,DD_0_at,DD5_wt,DD5_sp,DD5_sm,DD5_at,DD_18_wt,DD_18_sp,DD_18_sm,DD_18_at,DD18_wt,DD18_sp,DD18_sm,DD18_at,NFFD_wt,NFFD_sp,NFFD_sm,NFFD_at,PAS_wt,PAS_sp,PAS_sm,PAS_at,Eref_wt,Eref_sp,Eref_sm,Eref_at,CMD_wt,CMD_sp,CMD_sm,CMD_at,RH_wt,RH_sp,RH_sm,RH_at,CMI_wt,CMI_sp,CMI_sm,CMI_at,Tmax_01,Tmax_02,Tmax_03,Tmax_04,Tmax_05,Tmax_06,Tmax_07,Tmax_08,Tmax_09,Tmax_10,Tmax_11,Tmax_12,Tmin_01,Tmin_02,Tmin_03,Tmin_04,Tmin_05,Tmin_06,Tmin_07,Tmin_08,Tmin_09,Tmin_10,Tmin_11,Tmin_12,Tave_01,Tave_02,Tave_03,Tave_04,Tave_05,Tave_06,Tave_07,Tave_08,Tave_09,Tave_10,Tave_11,Tave_12,Prec_01,Prec_02,Prec_03,Prec_04,Prec_05,Prec_06,Prec_07,Prec_08,Prec_09,Prec_10,Prec_11,Prec_12,Rad_01,Rad_02,Rad_03,Rad_04,Rad_05,Rad_06,Rad_07,Rad_08,Rad_09,Rad_10,Rad_11,Rad_12,DD_0_01,DD_0_02,DD_0_03,DD_0_04,DD_0_05,DD_0_06,DD_0_07,DD_0_08,DD_0_09,DD_0_10,DD_0_11,DD_0_12,DD5_01,DD5_02,DD5_03,DD5_04,DD5_05,DD5_06,DD5_07,DD5_08,DD5_09,DD5_10,DD5_11,DD5_12,DD_18_01,DD_18_02,DD_18_03,DD_18_04,DD_18_05,DD_18_06,DD_18_07,DD_18_08,DD_18_09,DD_18_10,DD_18_11,DD_18_12,DD18_01,DD18_02,DD18_03,DD18_04,DD18_05,DD18_06,DD18_07,DD18_08,DD18_09,DD18_10,DD18_11,DD18_12,NFFD_01,NFFD_02,NFFD_03,NFFD_04,NFFD_05,NFFD_06,NFFD_07,NFFD_08,NFFD_09,NFFD_10,NFFD_11,NFFD_12,PAS_01,PAS_02,PAS_03,PAS_04,PAS_05,PAS_06,PAS_07,PAS_08,PAS_09,PAS_10,PAS_11,PAS_12,Eref_01,Eref_02,Eref_03,Eref_04,Eref_05,Eref_06,Eref_07,Eref_08,Eref_09,Eref_10,Eref_11,Eref_12,CMD_01,CMD_02,CMD_03,CMD_04,CMD_05,CMD_06,CMD_07,CMD_08,CMD_09,CMD_10,CMD_11,CMD_12,RH_01,RH_02,RH_03,RH_04,RH_05,RH_06,RH_07,RH_08,RH_09,RH_10,RH_11,RH_12,CMI_01,CMI_02,CMI_03,CMI_04,CMI_05,CMI_06,CMI_07,CMI_08,CMI_09,CMI_10,CMI_11,CMI_12
DAV309008,38.35603,-121.991,55.07,Year_1903.ann,15.4,22.2,7.3,14.9,590,4,43.1,6081.5,32,3867,1580,622,334,63,338,275,5,-11.3,44.5,1314,1052,17.7,56,-70.15,2257,12.5,21.6,32.1,25.5,2.6,7.1,12.1,9.7,7.6,14.4,22.1,17.6,277,204,1,141,9,21.4,26,14.5,27,3,0,1,282,869,1570,1144,924,407,21,229,1,61,386,175,64,88,92,90,4,0,0,1,109,353,573,280,0,261,571,219,68,57,46,55,12.61,-7.5,-53.07,-22.19,11.3,13.4,16.3,21,27.6,31.8,31.9,32.5,31,27.9,17.5,13.9,3.3,1.2,5.7,6.2,9.6,12.5,12,11.9,11.5,9.9,7.6,3.1,7.3,7.3,11,13.6,18.6,22.1,22,22.2,21.2,18.9,12.6,8.5,148,49,184,18,1,1,0,0,1,16,123,47,7.9,12.2,16.6,23.4,24.1,28.7,25.5,23.8,20.5,14.5,8.4,7,11,9,3,0,0,0,0,0,0,0,1,7,85,79,189,260,421,513,525,533,486,430,228,119,336,295,220,146,41,9,6,6,18,39,172,292,0,0,1,6,54,129,125,132,114,58,3,0,24,17,29,28,31,30,31,31,30,31,29,24,2,1,0,0,0,0,0,0,0,0,1,1,31,46,72,112,168,193,197,182,138,98,43,32,0,0,0,95,167,192,197,182,137,82,0,0,73,60,66,55,49,47,46,44,46,49,69,69,11.72,0.68,12.68,-6.85,-13.34,-17.17,-17.55,-18.35,-16.53,-11.99,6.34,0.21
DAV309031,37.98455,-120.3247,786.85,Year_1927.ann,13.9,24.4,6.5,17.9,984,43,24.3,570.3,43,3326,2018,511,304,105,309,204,9,-18.4,40.6,1257,791,18.8,55,-27.38,1846,12.5,18.9,31.8,22.6,1.1,4.1,12.9,7,6.8,11.5,22.3,14.8,473,221,19,230,9.8,22.3,27.6,15.4,34,7,0,2,228,608,1593,898,995,625,29,370,0,14,425,71,53,75,92,85,7,1,0,1,115,323,563,257,0,127,544,120,63,55,48,54,38.95,-2.63,-54.11,-9.59,12.6,12.7,14.9,18.3,23.5,28.8,34.2,32.3,27.4,24.3,16.1,12.9,0.5,2.7,2,3.9,6.4,11,14.6,12.9,9.4,6.9,4.8,0.2,6.6,7.7,8.4,11.1,15,19.9,24.4,22.6,18.4,15.6,10.4,6.5,131,283,89,112,21,15,1,2,3,103,124,99,9.7,11,18.4,23.2,25.4,28.3,29,25.6,21,15.2,10.1,8.6,13,9,6,1,0,0,0,0,0,0,2,12,70,87,113,185,311,447,600,545,401,329,167,71,358,285,299,213,113,22,2,5,44,98,227,353,0,0,0,2,12,81,200,145,56,15,1,0,16,21,21,25,29,30,31,31,29,29,26,16,3,3,1,0,0,0,0,0,0,0,1,1,38,43,73,102,148,176,208,179,124,89,44,34,0,0,0,0,127,160,207,177,120,0,0,0,61,67,59,56,50,50,47,47,49,49,64,60,9.08,24.16,3.3,3.33,-9.26,-13.93,-21.19,-18.99,-13.99,-1.68,6.08,5.71
JEPS37352,37.81222,-122.0236,503.06,Year_1916.ann,13.3,19.7,6.6,13.1,1233,81,18.9,244.7,34,3074,1992,237,340,63,341,278,13,-8.2,37.2,1104,725,16.9,63,25.8,1504,12.2,18.7,26.8,20.2,5.6,6.2,10.1,7.8,8.9,12.5,18.5,14,869,124,19,226,8.6,20.7,24.8,13.7,28,3,0,3,318,694,1239,823,900,538,115,440,1,10,160,65,77,86,91,85,13,0,0,0,96,304,480,224,0,200,461,64,78,61,52,62,76.54,-10.1,-37.95,-2.69,9,15,16.7,19.5,20,24.1,29.2,27.3,26.4,18.3,15.9,10.4,4.2,7.7,6.2,6.3,6,8.7,10.3,11.3,10.9,8.1,4.4,2.8,6.6,11.3,11.5,12.9,13,16.4,19.7,19.3,18.6,13.2,10.1,6.6,515,144,93,21,9,1,2,15,53,75,98,206,9,9.1,16.7,22.4,23.1,25.7,25.8,22.8,19.9,11.7,9.5,7.7,13,3,2,1,0,0,0,0,0,0,2,12,69,176,203,239,252,340,456,443,409,255,158,72,358,191,206,165,167,74,17,24,41,161,237,351,0,1,1,4,5,24,71,65,60,5,0,0,26,28,29,28,29,30,31,31,30,30,25,23,11,0,0,0,0,0,0,0,0,0,0,1,24,42,74,105,126,148,182,150,116,64,44,30,0,0,0,83,116,147,180,135,64,0,0,0,84,76,66,59,57,54,47,54,55,68,63,75,49.27,9.56,3.15,-5.83,-7.41,-10.79,-15.4,-11.76,-7.22,0.85,3.68,17.71
JEPS37353,36.60832,-118.9532,1007.11,Year_1907.ann,14.6,23.7,6.3,17.4,1108,49,22.2,486.1,33,3545,1799,517,327,72,340,268,13,-13.2,39.8,1181,757,18.2,61,-3.87,1967,14.7,17.4,29.3,22.8,3.2,5.7,14.1,9.6,9,11.6,21.7,16.2,646,401,30,116,10.7,20.7,25.9,15.6,24,8,0,1,366,616,1540,1023,843,624,43,290,1,12,387,117,66,82,92,87,7,3,0,2,133,293,503,251,0,114,473,170,63,63,57,60,40.07,19,-43.49,-19.45,12.5,16.9,12.4,18.7,21.1,25.7,31.9,30.4,27.4,22.8,18.1,14.2,0,5.4,3.1,6.8,7.3,11.5,15.5,15.4,12.3,11.9,4.7,3.6,6.3,11.1,7.8,12.7,14.2,18.6,23.7,22.9,19.9,17.4,11.4,8.9,255,146,283,101,17,25,3,2,2,112,2,161,10.6,12.1,15.8,21.4,24.8,25.5,27.7,24.7,21.1,14.2,11.6,9.5,14,3,8,1,0,0,0,0,0,0,1,6,64,172,95,234,288,408,577,555,445,383,195,130,367,196,320,170,134,36,3,4,28,61,200,280,0,1,0,4,8,56,176,154,83,32,1,1,15,26,24,29,30,30,31,31,30,31,26,25,6,0,3,0,0,0,0,0,0,0,2,1,40,55,62,100,131,153,189,161,121,77,52,38,0,0,0,0,114,128,186,159,119,0,50,0,59,64,69,63,58,58,54,58,56,67,58,66,21.42,7.74,24.2,2.41,-7.6,-9.82,-17.73,-15.94,-13.6,1.76,-7.61,10.91
JEPS37357,38.21056,-122.1347,6.99,Year_1908.ann,14.8,22.8,6.4,16.4,509,26,48.8,891.4,29,3631,1634,446,335,57,334,277,3,-10.9,37,1267,1009,17.4,56,-67.33,1993,13.8,22.1,29.8,23.9,4.3,6.6,11.5,8.2,9.1,14.4,20.7,16,392,65,3,100,8.6,22.2,24.9,14,25,2,0,1,316,867,1441,1007,891,385,54,304,0,32,301,112,70,86,92,87,3,0,0,0,114,356,532,265,0,291,528,190,69,54,49,54,22.21,-21.53,-45.64,-22.36,13,14.8,19.8,23.2,23.4,27.3,32.7,29.6,29.6,23.6,18.6,10.7,4.3,3.9,4.5,7.4,7.9,9.7,13,11.8,11.1,7.7,5.6,2.1,8.6,9.3,12.1,15.3,15.6,18.5,22.8,20.7,20.4,15.7,12.1,6.4,142,107,32,16,16,2,1,0,6,21,73,91,7.8,11.4,20.2,24,22.4,26.7,25.6,22.4,20,13,8.9,6.7,7,5,2,0,0,0,0,0,0,0,1,13,120,128,224,311,332,404,552,486,460,331,215,68,294,239,189,101,96,37,4,13,24,96,184,357,0,0,2,14,16,54,151,96,95,16,2,0,26,23,27,29,30,30,31,31,30,30,27,21,1,1,0,0,0,0,0,0,0,0,0,1,34,48,90,123,143,168,201,163,132,85,49,32,0,0,58,106,127,165,200,163,126,64,0,0,71,65,54,53,54,50,46,50,48,53,60,71,10.25,5.67,-4.87,-8.33,-8.33,-12.78,-18.09,-14.78,-14.43,-8.13,0.2,6.29
JEPS37358,38.50356,-122.4667,73.49,Year_1901.ann,15.1,21.5,8.5,13,924,41,27.2,524,22,3728,1518,440,336,68,336,268,4,-12,41.9,1297,905,17.8,54,-34.32,2031,14.8,21.5,30.8,24.7,3.6,5.8,10.8,8.8,9.2,13.7,20.8,16.8,546,150,2,226,8.8,22.4,25.5,14.3,18,3,0,1,399,804,1453,1072,791,445,41,240,1,27,301,112,72,83,92,89,3,0,0,0,123,351,555,268,0,201,553,151,64,53,45,54,39.25,-12.57,-49.77,-11.22,13.5,15.7,19.1,20.9,24.5,29.5,31.7,31.2,27.9,27,19.2,15.2,3.5,4.5,5.2,4,8.1,9.8,10.6,11.9,9.4,9.7,7.4,2.9,8.5,10.1,12.2,12.5,16.3,19.7,21.2,21.5,18.7,18.4,13.3,9,230,243,40,93,16,1,0,1,22,46,157,73,7.9,11.4,19.2,25,23,27.5,25.7,23.3,19.8,14.2,8.9,7.2,8,4,2,1,0,0,0,0,0,0,1,6,117,148,225,227,351,440,502,512,409,413,249,134,298,217,188,177,81,24,9,8,41,46,153,276,0,0,2,3,22,77,107,117,60,47,5,1,24,24,28,25,30,30,31,31,29,31,29,23,2,1,0,0,0,0,0,0,0,0,0,0,36,49,86,115,150,183,199,173,125,95,48,37,0,0,46,22,134,182,198,172,103,48,0,0,67,64,57,50,52,45,43,47,48,50,63,61,18.65,18.65,-3.57,0.31,-9.32,-15.35,-17.77,-16.66,-11.58,-8.21,8.56,1.94
JEPS37359,38.50356,-122.4667,73.49,Year_1908.ann,14.7,23.4,6.3,17.1,818,33,30.2,698.8,31,3603,1685,473,322,80,322,241,5,-12,37.8,1343,1030,18.2,51,-50.67,1987,14.2,22.6,31.7,24.8,3.5,5.3,10.6,6.9,8.8,14,21.1,15.9,671,94,6,145,8.9,23.2,26.4,14.5,27,3,0,1,300,830,1485,989,909,415,45,316,0,27,337,108,64,82,92,84,5,0,0,0,118,371,575,279,0,277,569,184,66,49,43,49,44.77,-20.94,-53.05,-21.45,13.4,15,19.9,24,24.1,29.1,34.6,31.3,30.8,24.4,19.2,11.3,3.5,3,3.3,6,6.6,8.9,12.2,10.8,9.7,6.5,4.5,1.3,8.4,9,11.6,15,15.3,19,23.4,21,20.3,15.5,11.8,6.3,202,233,49,23,23,4,1,1,5,39,101,139,7.9,11.9,21,25.6,23.1,28.6,27.1,23.5,20.7,13.6,9.2,6.8,8,6,2,0,0,0,0,0,0,0,1,13,115,120,206,302,322,420,569,496,458,325,206,66,301,248,203,108,104,31,3,11,25,101,190,360,0,0,1,12,14,64,169,105,92,14,2,0,24,21,24,28,29,30,31,31,29,29,25,19,2,1,0,0,0,0,0,0,0,0,0,1,36,49,91,129,150,182,217,176,140,89,51,34,0,0,43,106,128,178,216,175,134,50,0,0,67,62,50,48,49,44,41,44,43,48,55,67,16,18.05,-3.52,-8.74,-8.68,-14.8,-21.13,-17.11,-16.39,-7.37,2.3,10.72
JEPS37360,39.66935,-123.4751,507.54,Year_1902.ann,12.1,19.4,5.7,13.7,2890,147,7.7,132.5,52,2705,2367,216,300,104,309,205,22,-16.2,41,1114,607,17,57,187.71,1328,12.6,16.4,27.9,20.8,1.8,3.6,9.2,5.8,7.2,10,18.5,13.3,1186,729,7,770,8.4,20.8,24.7,14,38,10,0,5,215,480,1247,764,1022,748,102,495,0,5,155,56,57,72,91,80,12,7,0,3,104,276,500,234,0,0,493,114,65,59,47,55,128.16,54,-43.04,48.58,12,12.5,13.7,16.3,19.3,26.7,28.3,28.8,28.1,20.7,13.5,10.1,0,4.1,1.1,3.8,5.8,8.2,9.2,10.1,8,6.1,3.1,1.3,6,8.3,7.4,10,12.6,17.5,18.8,19.4,18,13.4,8.3,5.7,127,875,343,258,128,3,2,2,11,233,525,382,8.6,9.5,17.9,21.6,22.9,25.1,25.5,23.6,20.8,12.8,8.6,7.2,15,7,8,2,0,0,0,0,0,0,4,15,58,102,86,155,239,373,427,447,391,264,108,55,376,267,331,238,179,53,26,22,49,154,292,379,0,0,0,1,4,38,50,67,50,6,0,0,15,24,18,25,29,30,31,31,29,29,23,19,3,7,4,2,1,0,0,0,1,0,2,2,34,38,67,89,120,165,176,159,125,72,36,32,0,0,0,0,0,162,174,157,114,0,0,0,61,72,59,61,58,48,46,48,44,56,66,61,9.1,83.63,29.73,19.35,4.92,-13.18,-14.82,-15.03,-13.92,14.44,48.06,35.43
JEPS37361,38.29194,-122.4569,25.68,Year_1913.ann,14.5,21.4,6.4,15,909,30,26.9,706,31,3504,1704,394,325,73,329,256,6,-11.3,44.3,1245,937,17.6,55,-25.57,1886,14.5,21,28.2,24.7,2.1,5.6,11.2,8.4,8.3,13.3,19.7,16.6,289,160,6,234,9.2,22.2,24.6,14.4,26,4,0,1,322,772,1355,1055,884,473,73,274,1,26,234,133,63,82,92,88,5,0,0,1,127,345,496,277,23,194,490,231,60,54,52,53,36.84,-10.45,-40.15,-11.8,11.8,17,18,20.7,24.3,25.8,28.4,30.4,30.5,26.9,16.9,13.1,1,3.4,3.1,5.7,8.1,9.6,11.7,12.4,10.6,7.8,6.9,2.9,6.4,10.2,10.5,13.2,16.2,17.7,20,21.4,20.6,17.3,11.9,8,211,32,93,44,23,3,2,2,1,3,230,265,7.9,12.8,20,23.7,22.8,27.4,23.6,22.8,20.5,14.4,8.2,6.9,13,4,3,1,0,0,0,0,0,0,1,8,66,151,175,249,349,381,466,508,467,382,207,105,363,213,234,156,83,49,15,9,22,62,189,308,0,0,1,5,21,41,79,114,99,32,2,0,18,22,24,28,30,30,31,31,30,30,29,23,5,0,0,0,0,0,0,0,0,0,1,0,35,55,84,112,149,157,171,167,137,97,42,37,0,23,0,68,126,155,170,165,136,94,0,0,64,57,54,54,52,53,53,50,45,46,68,60,17.77,-3.39,2.06,-4.1,-8.42,-11.39,-13.39,-15.38,-16.16,-12.84,17.21,22.46
JEPS37463,38.32987,-121.9949,165.78,Year_1908.ann,15.6,24.9,6.6,18.3,579,29,44.1,859.3,28,3905,1540,626,338,54,336,282,3,-10.6,38.3,1332,1070,18.1,55,-74.39,2262,13.8,22.8,32.3,24.8,4.4,6.8,12.6,8.7,9.1,14.8,22.4,16.8,469,69,4,101,8.8,22.6,26.3,14.5,25,2,0,1,320,908,1604,1073,885,355,28,272,0,44,436,146,71,86,92,88,3,0,0,0,113,368,576,275,0,299,573,198,69,53,46,53,28.58,-23.33,-54.54,-25.1,13.2,14.5,19.5,24.2,24.8,29.5,35.4,32.1,31.2,24.4,18.9,10.7,4.4,3.7,4.5,7.6,8.4,10.6,14.3,12.8,11.9,8.2,6.1,2.5,8.8,9.1,12,15.9,16.6,20,24.9,22.4,21.6,16.3,12.5,6.6,175,130,32,18,18,3,1,0,7,21,73,101,8.2,11.3,19.9,24.5,23.5,27.5,27.6,23.8,20.8,13.6,9.2,6.9,7,6,2,0,0,0,0,0,0,0,1,12,125,122,221,327,360,450,615,540,496,351,226,72,289,245,192,88,75,21,1,6,16,82,174,350,0,0,2,18,24,83,214,139,123,21,3,0,26,23,27,29,30,30,31,31,30,30,28,22,2,1,0,0,0,0,0,0,0,0,0,1,35,47,89,128,152,181,218,177,139,87,49,32,0,0,57,109,133,178,217,177,132,66,0,0,71,65,54,51,52,47,44,47,47,52,60,72,13.35,8.08,-4.82,-9.09,-9.43,-15.02,-21.81,-17.71,-16.26,-8.87,0.03,7.16
JEPS37468,38.21056,-122.1347,6.99,Year_1908.ann,14.8,22.8,6.4,16.4,509,26,48.8,891.4,29,3631,1634,446,335,57,334,277,3,-10.9,37,1267,1009,17.4,56,-67.33,1993,13.8,22.1,29.8,23.9,4.3,6.6,11.5,8.2,9.1,14.4,20.7,16,392,65,3,100,8.6,22.2,24.9,14,25,2,0,1,316,867,1441,1007,891,385,54,304,0,32,301,112,70,86,92,87,3,0,0,0,114,356,532,265,0,291,528,190,69,54,49,54,22.21,-21.53,-45.64,-22.36,13,14.8,19.8,23.2,23.4,27.3,32.7,29.6,29.6,23.6,18.6,10.7,4.3,3.9,4.5,7.4,7.9,9.7,13,11.8,11.1,7.7,5.6,2.1,8.6,9.3,12.1,15.3,15.6,18.5,22.8,20.7,20.4,15.7,12.1,6.4,142,107,32,16,16,2,1,0,6,21,73,91,7.8,11.4,20.2,24,22.4,26.7,25.6,22.4,20,13,8.9,6.7,7,5,2,0,0,0,0,0,0,0,1,13,120,128,224,311,332,404,552,486,460,331,215,68,294,239,189,101,96,37,4,13,24,96,184,357,0,0,2,14,16,54,151,96,95,16,2,0,26,23,27,29,30,30,31,31,30,30,27,21,1,1,0,0,0,0,0,0,0,0,0,1,34,48,90,123,143,168,201,163,132,85,49,32,0,0,58,106,127,165,200,163,126,64,0,0,71,65,54,53,54,50,46,50,48,53,60,71,10.25,5.67,-4.87,-8.33,-8.33,-12.78,-18.09,-14.78,-14.43,-8.13,0.2,6.29
JEPS37469,38.50356,-122.4667,73.49,Year_1901.ann,15.1,21.5,8.5,13,924,41,27.2,524,22,3728,1518,440,336,68,336,268,4,-12,41.9,1297,905,17.8,54,-34.32,2031,14.8,21.5,30.8,24.7,3.6,5.8,10.8,8.8,9.2,13.7,20.8,16.8,546,150,2,226,8.8,22.4,25.5,14.3,18,3,0,1,399,804,1453,1072,791,445,41,240,1,27,301,112,72,83,92,89,3,0,0,0,123,351,555,268,0,201,553,151,64,53,45,54,39.25,-12.57,-49.77,-11.22,13.5,15.7,19.1,20.9,24.5,29.5,31.7,31.2,27.9,27,19.2,15.2,3.5,4.5,5.2,4,8.1,9.8,10.6,11.9,9.4,9.7,7.4,2.9,8.5,10.1,12.2,12.5,16.3,19.7,21.2,21.5,18.7,18.4,13.3,9,230,243,40,93,16,1,0,1,22,46,157,73,7.9,11.4,19.2,25,23,27.5,25.7,23.3,19.8,14.2,8.9,7.2,8,4,2,1,0,0,0,0,0,0,1,6,117,148,225,227,351,440,502,512,409,413,249,134,298,217,188,177,81,24,9,8,41,46,153,276,0,0,2,3,22,77,107,117,60,47,5,1,24,24,28,25,30,30,31,31,29,31,29,23,2,1,0,0,0,0,0,0,0,0,0,0,36,49,86,115,150,183,199,173,125,95,48,37,0,0,46,22,134,182,198,172,103,48,0,0,67,64,57,50,52,45,43,47,48,50,63,61,18.65,18.65,-3.57,0.31,-9.32,-15.35,-17.77,-16.66,-11.58,-8.21,8.56,1.94
JEPS37470,38.21056,-122.1347,6.99,Year_1908.ann,14.8,22.8,6.4,16.4,509,26,48.8,891.4,29,3631,1634,446,335,57,334,277,3,-10.9,37,1267,1009,17.4,56,-67.33,1993,13.8,22.1,29.8,23.9,4.3,6.6,11.5,8.2,9.1,14.4,20.7,16,392,65,3,100,8.6,22.2,24.9,14,25,2,0,1,316,867,1441,1007,891,385,54,304,0,32,301,112,70,86,92,87,3,0,0,0,114,356,532,265,0,291,528,190,69,54,49,54,22.21,-21.53,-45.64,-22.36,13,14.8,19.8,23.2,23.4,27.3,32.7,29.6,29.6,23.6,18.6,10.7,4.3,3.9,4.5,7.4,7.9,9.7,13,11.8,11.1,7.7,5.6,2.1,8.6,9.3,12.1,15.3,15.6,18.5,22.8,20.7,20.4,15.7,12.1,6.4,142,107,32,16,16,2,1,0,6,21,73,91,7.8,11.4,20.2,24,22.4,26.7,25.6,22.4,20,13,8.9,6.7,7,5,2,0,0,0,0,0,0,0,1,13,120,128,224,311,332,404,552,486,460,331,215,68,294,239,189,101,96,37,4,13,24,96,184,357,0,0,2,14,16,54,151,96,95,16,2,0,26,23,27,29,30,30,31,31,30,30,27,21,1,1,0,0,0,0,0,0,0,0,0,1,34,48,90,123,143,168,201,163,132,85,49,32,0,0,58,106,127,165,200,163,126,64,0,0,71,65,54,53,54,50,46,50,48,53,60,71,10.25,5.67,-4.87,-8.33,-8.33,-12.78,-18.09,-14.78,-14.43,-8.13,0.2,6.29
JEPS38059,39.72861,-121.8364,60.53,Year_1921.ann,16.1,25.8,6.6,19.2,665,51,39.2,504.2,28,4090,1500,770,335,66,331,264,9,-12.9,40.7,1317,997,17.6,55,-70.47,2435,12.7,22.3,34.1,25.4,3,7.3,14.4,8.4,7.9,14.8,24.2,16.9,454,115,11,89,8.6,21.6,26,14.2,25,2,0,1,331,906,1767,1086,873,359,10,259,1,43,581,145,69,88,92,86,7,0,0,2,105,351,593,269,0,235,581,180,68,55,47,51,31.54,-16.9,-58,-27.11,10.5,16.6,19.2,22.5,25.3,32.2,36.3,33.7,30.4,26,19.8,13.5,2.6,3.8,6.4,6.2,9.2,13.9,15.3,14,11.5,9.3,4.5,3,6.6,10.2,12.8,14.3,17.2,23,25.8,23.8,20.9,17.6,12.2,8.3,205,57,67,17,30,9,0,2,9,34,46,188,7.5,11.8,17.8,24,23,26.9,27.3,23.8,20.1,13.5,9,6.6,13,4,2,0,0,0,0,0,0,0,1,8,69,150,245,282,379,541,643,583,477,391,217,113,358,215,171,126,62,6,1,3,20,57,182,300,0,0,3,9,32,156,242,183,108,36,2,0,22,23,30,28,31,30,31,31,30,31,25,23,4,0,0,0,0,0,0,0,0,0,2,3,28,50,81,118,151,191,220,183,131,88,50,26,0,0,14,101,121,181,219,181,122,54,4,0,73,60,60,52,53,50,45,47,48,52,53,72,17.67,-0.59,-0.6,-8,-8.3,-16.33,-22.5,-19.17,-14.95,-8.62,-3.54,14.46
LA00648288,34.08505,-119.0593,0.5,Year_1928.ann,15.9,18.9,12.8,6.1,221,9,117.2,2059.6,7,3983,1103,283,363,2,360,357,0,-2.7,37,1104,895,16.1,66,-71.96,2148,19.6,20.7,22.6,22.5,7.1,10.2,13.2,11,13.4,15.4,17.9,16.7,134,58,1,43,10.6,20.2,20.3,13.5,6,1,0,1,765,962,1188,1069,441,305,128,229,14,46,120,102,88,92,92,91,0,0,0,0,179,315,362,248,71,257,361,205,61,68,71,65,-11.38,-16.18,-23.3,-21.09,20.7,20.3,20.4,20.5,21,21.5,22.9,23.2,24.4,21.6,21.5,19.1,7.1,7.2,9.4,8.7,12.4,12.5,13.1,14.1,13.4,10.7,8.8,6.5,13.9,13.7,14.9,14.6,16.7,17,18,18.7,18.9,16.1,15.2,12.8,2,57,43,8,7,1,0,0,1,3,38,60,9.4,13.8,17.8,21.7,21,20.9,21,18.9,17.9,12.3,10.3,8.6,2,2,1,0,0,0,0,0,0,0,0,2,276,245,308,290,364,360,404,424,418,346,305,244,141,129,115,118,72,61,36,31,38,85,106,171,6,4,11,10,26,32,37,52,65,19,18,5,31,28,31,30,31,30,31,31,30,31,30,30,0,0,0,0,0,0,0,0,0,0,0,0,62,69,91,110,114,118,129,116,106,80,63,48,60,12,48,102,107,117,129,116,104,76,25,0,58,60,66,64,73,72,70,72,67,67,61,66,-7.99,-2.14,-3.06,-6.84,-6.28,-7.16,-8.14,-8,-9.1,-7.51,-4.48,-1.26
UC1196525,39.14902,-123.2061,189.18,Year_1922.ann,14.2,23.6,6.3,17.4,1087,52,22.3,451.6,41,3438,1942,548,301,102,313,211,7,-13.3,41,1343,946,18.3,51,-27.69,1931,13.9,20.7,32.9,24.6,1.4,4.4,10.6,6.1,7.6,12.5,21.8,15.4,547,178,14,276,8.8,22.6,27.2,14.6,32,6,0,3,244,700,1544,950,974,548,31,390,0,27,379,142,55,76,92,79,6,1,0,1,117,347,597,281,0,211,583,152,60,51,41,48,50.02,-9.37,-57.71,-10.62,13.4,12.9,15.1,21.2,25.7,30.3,35.3,33.2,34.3,22.5,17.1,12.4,-0.9,1.8,2.6,3,7.4,10,12,10,9.6,6.8,2,3.3,6.3,7.4,8.9,12.1,16.5,20.2,23.6,21.6,21.9,14.7,9.5,7.8,49,285,113,30,35,9,0,4,3,116,157,284,8.1,11.3,17.9,25.8,24.1,29,28,24.7,21.9,12.9,9,6.9,14,9,5,1,0,0,0,0,0,0,3,9,63,79,125,216,359,454,577,513,507,301,142,102,367,294,285,187,76,20,3,8,14,121,254,312,0,0,0,3,24,86,176,117,131,10,0,0,13,18,23,23,30,30,31,31,29,29,20,24,1,4,1,0,0,0,0,0,0,0,0,1,39,43,71,117,158,188,221,188,156,79,47,36,0,0,0,87,123,179,221,184,152,0,0,0,54,64,60,46,48,44,39,39,36,53,53,62,0.8,24.53,5.98,-6.56,-8.8,-15.6,-22.46,-19.65,-21.35,1.84,8.89,24.68
AHUC102387,37.52025,-120.4352,76.9,Year_1946.ann,15.8,25.6,7,18.6,293,25,88.3,1044,33,4015,1625,824,323,68,324,256,2,-12.7,45.3,1387,1143,18.3,54,-108.12,2429,13.2,23.7,34,24.1,2.3,7.4,14.5,7.8,7.8,15.6,24.2,15.9,148,73,1,95,9.3,22.9,26.5,14.3,28,2,0,3,274,973,1768,1000,934,320,12,358,0,81,583,159,62,87,92,83,1,0,0,0,120,387,601,278,20,314,599,209,64,52,47,53,0.18,-24.82,-58.67,-24.81,12.8,14.5,18.7,24.9,27.5,31.4,35.4,35.1,32.1,23.8,16.3,11.8,1.2,1.9,4.7,7.4,10.2,12.6,15.9,15,12.8,7.2,3.3,3.5,7,8.2,11.7,16.2,18.9,22,25.6,25.1,22.5,15.5,9.8,7.6,19,49,51,4,18,1,0,0,5,18,72,55,8.2,12.6,19.3,25.2,24,28.1,27,24.5,20.8,13.5,8.8,7,11,7,2,0,0,0,0,0,0,0,3,9,79,100,209,335,428,510,638,620,523,327,149,96,344,270,200,82,38,10,1,2,12,99,247,320,0,0,1,20,59,126,237,220,144,15,0,0,18,19,27,29,31,30,31,31,30,30,23,25,0,0,0,0,0,0,0,0,0,0,0,1,38,50,86,134,167,191,215,195,144,88,46,32,19,1,36,130,149,190,215,194,139,70,0,0,62,60,57,49,51,48,48,46,47,51,59,71,-1.97,0.04,-2.31,-11.11,-11.4,-16.72,-21.07,-20.88,-17.09,-8.8,1.08,2.11
CHSC039795,39.52639,-122.4094,228.35,Year_1935.ann,15.9,25.8,6.4,19.4,476,12,54.4,2113.5,34,4034,1697,914,321,70,324,254,4,-14.5,48.5,1317,1000,17.7,55,-91.13,2453,13.5,20.7,35.1,24.6,2.6,6.9,15.4,8.4,8,13.8,25.3,16.5,246,151,4,54,8.8,21,26.5,14.4,26,6,0,2,309,814,1861,1050,899,465,5,328,1,61,673,179,63,83,92,83,4,0,0,0,111,331,607,268,0,182,604,214,65,58,47,53,13.31,-10.85,-62.89,-30.7,11.6,15.1,15.5,19.4,27.1,34.4,34.9,36.1,32.9,23.8,17.3,14.2,1.3,3.6,2.6,8,10.1,14.9,15.8,15.6,13.3,8.7,3.1,2.3,6.4,9.4,9,13.7,18.6,24.7,25.3,25.8,23.1,16.3,10.2,8.3,131,71,74,73,4,1,1,2,5,24,24,66,8,11.3,18,20.4,24.4,27.5,26.9,25.2,21.2,13.1,9,7.2,13,5,5,0,0,0,0,0,0,0,2,8,66,130,130,262,422,589,629,644,541,349,160,113,363,237,280,144,41,3,1,1,10,83,236,299,0,0,0,6,54,202,228,243,158,20,0,0,18,23,23,29,31,30,31,31,30,30,23,22,3,0,0,0,0,0,0,0,0,0,0,0,32,47,72,97,162,205,207,195,142,81,45,32,0,0,0,24,158,204,206,193,137,56,21,0,66,63,59,65,51,48,49,46,47,55,56,65,9.82,1.72,1.81,0.05,-12.7,-20.12,-20.49,-22.29,-18.24,-7.95,-4.52,1.77
DAV309014,37.87928,-121.8662,225.65,Year_1941.ann,15,21.9,9.5,12.4,826,29,30.3,750.2,18,3694,1508,404,356,17,347,330,2,-11.1,38.5,1184,793,16.7,62,-27.17,1967,14.4,19.6,29,23.2,6.2,8.1,11.6,8.8,10.3,13.8,20.3,16,528,239,4,87,8.2,19.9,24.3,14.1,15,3,0,1,462,820,1407,1005,720,434,59,295,2,31,271,100,86,90,92,89,2,0,0,0,111,305,513,255,0,112,508,172,73,64,51,57,36.62,1.58,-43.45,-21.92,13.5,14.4,17.7,17.8,23.2,26.4,31.2,29.2,28.4,23.1,18.2,13.4,5.6,7.4,7.1,6.9,10.2,10.1,12.6,12.1,11.1,8.4,7,5.9,9.5,10.9,12.4,12.3,16.7,18.3,21.9,20.6,19.7,15.8,12.6,9.6,153,171,95,120,24,3,0,1,1,35,50,172,8.4,8.9,16.7,20.4,22.8,24.5,25.6,22.8,20.1,13.2,9.2,7.3,6,4,2,1,0,0,0,0,0,0,1,5,146,166,232,223,365,398,524,484,442,334,229,151,267,196,182,181,72,40,6,13,29,94,171,258,0,1,2,3,26,51,124,95,81,16,3,1,29,28,30,29,31,30,31,31,30,30,29,29,1,0,0,0,0,0,0,0,0,0,0,1,34,41,76,93,136,161,191,161,126,82,47,36,0,0,0,0,112,158,190,160,125,47,0,0,74,77,67,66,61,53,49,52,51,56,65,68,10.98,12.68,3.19,5.5,-7.12,-12.07,-16.79,-14.59,-13.95,-6.32,-1.66,12.96
DAV309060,38.53228,-121.7488,15.55,Year_1958.ann,16.9,25.9,7.7,18.2,601,24,44.8,1072.9,21,4362,1319,883,344,44,345,301,3,-12.2,50.8,1349,1043,17.7,55,-82.46,2660,13.4,22.1,33.3,27.8,4.6,7.8,14.3,9.8,9,14.9,23.8,18.8,405,224,8,10,8.2,21.3,26.1,15.1,16,4,0,1,463,916,1730,1253,724,382,14,198,3,86,545,249,77,88,92,88,3,0,0,0,108,356,581,304,0,177,572,294,71,57,48,49,20.21,-6,-55.28,-41.39,12.4,15.9,15.7,22.3,28.2,30.1,33.6,36.2,33.6,29.1,20.7,17.6,2.9,7.7,4.7,7.7,10.9,13.3,14.2,15.5,13.5,10.4,5.4,3.9,7.7,11.8,10.2,15,19.5,21.7,23.9,25.9,23.5,19.8,13,10.8,118,216,116,95,13,7,1,1,2,5,3,23,7.8,9.5,16.8,23.1,23.9,27.8,25.8,24.7,21,14.9,9.4,7.3,10,3,4,0,0,0,0,0,0,0,1,4,94,187,166,301,449,500,585,645,555,456,242,182,325,178,243,109,30,11,2,1,8,30,160,222,0,1,0,12,74,117,184,244,169,76,4,2,23,28,27,29,31,30,31,31,30,31,27,26,2,0,0,0,0,0,0,0,0,0,0,1,34,44,71,116,169,178,203,199,148,102,54,30,0,0,0,22,155,171,203,198,145,97,52,0,69,74,65,56,51,53,48,45,46,48,54,71,8.19,16.55,6.02,0.26,-12.28,-14.25,-18.81,-22.22,-18.9,-14.22,-8.28,-4.52
DAV309063,36.29726,-121.604,1366.28,Year_1941.ann,13.7,22.8,7.5,15.4,2246,50,10.6,453.3,36,3261,1976,421,346,48,340,293,18,-13.7,39.2,1041,642,17.7,70,129.1,1736,10.9,16.6,27.3,20.3,5.1,6.5,14.8,9.3,8,11.6,21,14.8,1333,734,10,143,9.5,20.5,25.2,15.6,28,7,0,2,274,615,1476,895,932,616,51,377,0,16,328,76,80,85,92,88,14,4,0,1,92,276,448,225,0,92,437,112,80,68,63,66,126.83,53,-38.56,-12.17,10.3,10.3,13,15.2,21.8,24.6,28.9,28.3,25.7,19.4,15.8,10.4,4.6,4.7,5.4,4.7,9.3,11.9,16.8,15.8,12.3,9.3,6.2,5.4,7.5,7.5,9.2,10,15.5,18.3,22.8,22,19,14.4,11,7.9,342,536,425,271,38,6,3,1,2,67,74,482,10.9,8.4,14.4,20.5,26.4,24.3,26.7,24.7,21.5,13.9,11.3,9.3,10,9,5,2,0,0,0,0,0,0,2,8,89,82,135,153,327,398,552,527,420,292,182,103,331,291,275,242,99,40,4,7,37,128,211,311,0,0,0,1,15,50,151,126,67,9,1,0,27,25,28,26,31,30,31,31,30,31,28,28,5,6,2,2,0,0,0,0,0,0,1,2,29,34,60,86,130,144,160,144,112,69,44,30,0,0,0,0,92,138,156,143,110,2,0,0,81,81,75,66,62,62,65,64,60,68,69,79,31.14,50.56,37.96,20.93,-5.89,-10.92,-13.89,-13.75,-12.25,-1.16,1.24,45.12
DAV314986,38.43306,-122.573,145.45,Year_1945.ann,14.5,20.5,7.9,12.6,1152,39,21.2,520.6,25,3488,1671,362,341,55,344,290,4,-10.3,39.8,1212,840,17.1,58,2.06,1844,14.4,19.4,29.1,23.5,4.5,5.8,10.2,9.3,9.4,12.6,19.6,16.4,407,211,3,298,8.8,21.3,24.1,14,19,5,0,1,397,705,1347,1039,793,533,65,280,1,17,221,122,78,83,92,89,2,1,0,1,118,314,523,257,0,191,519,131,68,58,47,58,50.31,-1.93,-44.58,-1.74,12.5,16.4,15.3,22,20.7,28,30.1,29.1,29.6,24.5,16.5,12.7,3.4,5.1,3.4,5.9,8.1,10.1,10.9,9.6,10.5,10.4,6.9,5.2,7.9,10.8,9.4,14,14.4,19.1,20.5,19.4,20.1,17.5,11.7,8.9,82,181,159,17,34,1,1,1,2,140,157,376,8.1,11.5,17.7,24.3,21.9,24.3,25,22.9,20.4,13.2,8.4,6.9,9,4,5,0,0,0,0,0,0,0,1,6,101,164,140,271,295,422,480,446,451,386,202,132,316,199,270,136,127,30,12,23,26,60,194,278,0,1,0,7,9,65,90,66,88,33,1,1,24,25,25,28,30,30,31,31,30,31,29,28,1,0,1,0,0,0,0,0,0,0,1,1,34,51,72,118,124,172,186,164,132,84,41,33,0,0,0,101,90,171,185,164,131,0,0,0,70,64,62,52,61,49,47,46,47,58,69,70,4.4,12.11,10.43,-7.77,-4.59,-13.74,-15.77,-15.07,-15.25,3.53,9.98,33.8
DAV314998,39.29026,-123.0723,317.23,Year_1947.ann,14.5,21.4,6.3,15.1,668,35,36.7,611.2,35,3532,1749,459,301,91,311,221,5,-15.5,43.3,1332,951,18.6,49,-70.82,1957,15.1,23,30.7,24.5,1.1,6.1,10.4,5.7,8.1,14.6,20.6,15.1,300,193,20,204,9.5,23.1,27,14.9,30,3,0,3,290,882,1432,928,926,382,48,393,1,49,286,123,47,85,92,77,3,0,0,2,128,375,550,279,0,252,530,168,56,50,45,47,9.07,-12.92,-49.41,-17.56,14.2,17.3,18.6,23.1,27.5,28.1,32,32,33.2,23.3,17,13.6,-1.7,3,4.7,5.5,8,10.2,10.8,10.3,8.9,6.9,1.5,0.2,6.3,10.1,11.6,14.3,17.7,19.1,21.4,21.2,21.1,15.1,9.2,6.9,48,124,153,26,14,17,1,2,1,176,28,78,8.4,12.8,19,25.1,25.4,29.9,26.6,24.5,22,13.4,9.3,7.4,14,4,2,0,0,0,0,0,0,0,3,11,63,149,207,281,395,423,508,501,481,313,134,78,367,216,202,127,54,30,8,10,19,111,263,343,0,0,1,9,39,66,112,108,111,12,0,0,11,21,27,27,30,30,31,31,29,29,19,15,1,0,0,0,0,0,0,0,0,0,2,1,40,54,83,123,169,171,199,180,151,82,46,33,0,0,0,97,155,154,198,178,150,0,19,0,49,56,57,49,45,49,43,42,37,52,52,62,0.2,5.38,7.8,-8.04,-12.68,-12.41,-18.46,-18.54,-20.65,7.09,-4.01,3.5
JEPS37663,38.3299,-121.9948,163.93,Year_1942.ann,15.8,24.4,8.5,15.9,693,28,37.2,877.4,23,3968,1498,660,341,49,339,290,3,-11.2,42.8,1321,932,17.9,56,-64.1,2287,14,21.2,32.9,25.4,4.5,6.8,13,8.9,9.3,14,23,17.1,468,208,2,122,9,21.6,26.1,14.8,19,3,0,1,382,832,1653,1101,810,417,18,253,1,32,469,158,76,86,92,88,3,0,0,0,115,341,585,280,0,141,584,207,69,56,46,52,22.47,-5.84,-56.35,-24.38,12.7,15.4,18.9,20.2,24.6,31.1,34.4,33.3,30.6,27.2,18.3,13.5,4.2,4,4.2,7.6,8.5,11.6,14.4,13.1,11.6,9.3,5.7,4.3,8.5,9.7,11.6,13.9,16.5,21.3,24.4,23.2,21.1,18.2,12,8.9,144,122,74,112,21,1,1,0,5,21,96,97,8.2,11.6,19.8,21.7,23.3,27.2,26.9,24.3,20.6,14.6,9.1,7.2,8,5,2,0,0,0,0,0,0,0,1,6,115,137,205,269,358,488,600,564,482,409,210,130,300,229,204,137,76,13,2,4,19,48,186,280,0,0,1,7,24,105,199,164,112,45,2,1,26,23,26,29,30,30,31,31,30,31,27,26,1,0,0,0,0,0,0,0,0,0,0,1,34,49,87,105,150,190,210,185,136,96,48,32,0,0,13,0,128,190,209,185,131,76,0,0,72,63,55,61,53,46,46,45,47,49,61,72,10.5,6.63,-0.31,3.37,-8.89,-16.79,-20.3,-19.26,-15.81,-11.19,2.62,5.35
LA00610309,34.84217,-118.8602,1062.68,Year_1931.ann,14.7,26.5,5,21.4,398,28,62.1,956.6,46,3638,1893,683,303,84,310,225,2,-18.4,41.6,1405,1141,20.4,54,-101.3,2146,13.4,22.9,33.1,21.9,0.8,6.1,14.1,6,7.1,14.5,23.6,13.9,146,63,10,54,11.1,25,29.2,16.5,38,3,0,6,217,882,1712,827,1021,388,27,458,0,56,547,79,52,83,92,77,2,0,0,0,138,394,597,276,0,331,587,222,59,50,48,53,14.98,-28.15,-61.38,-26.75,13.1,13.4,18.9,22.8,27.1,28.9,36.3,34.1,28.3,23.2,14.1,10.2,0.9,2.6,3.2,5.9,9.3,10.4,16.6,15.3,9.7,7,1.2,-0.2,7,8,11.1,14.4,18.2,19.7,26.5,24.7,19,15.1,7.6,5,60,87,5,44,14,4,1,5,4,3,47,125,11.3,12.4,21.3,25.5,28,29.1,31.3,27.1,22.3,15.9,11.2,9.7,11,8,3,0,0,0,0,0,0,0,5,18,79,94,191,282,409,439,664,609,420,315,93,44,345,277,216,125,47,24,1,2,37,110,312,399,0,0,1,9,46,76,263,209,67,12,0,0,17,20,24,28,31,30,31,31,29,29,18,14,1,1,0,0,0,0,0,0,0,0,0,0,44,50,95,129,170,181,224,193,136,93,48,43,0,0,90,85,156,177,223,188,132,89,1,0,60,65,52,50,49,48,48,49,48,52,58,53,1.47,3.97,-8.22,-6.77,-13.16,-15.77,-24.48,-21.13,-15.32,-10.96,-0.46,9.55
OBI112563,36.33189,-121.7956,253,Year_1954.ann,13.6,20.3,8.7,11.7,820,19,28.8,1095.9,23,3180,1840,212,329,74,326,252,4,-10.8,32.7,1169,799,17.4,57,-21.69,1533,16.8,17.7,25.3,23.1,3.3,5.1,10.6,7.5,10,11.4,17.9,15.3,391,256,10,87,10.7,20.8,23.6,14.6,16,6,0,1,448,599,1190,942,741,634,145,320,2,9,139,62,70,81,91,86,2,1,0,0,152,303,449,265,0,159,439,201,58,60,57,54,27.82,5.18,-32.77,-21.91,13.8,19.4,14.2,18.4,20.5,23.7,28,24.1,25.6,23.7,20,16,3.5,3.5,3.2,5.7,6.2,8.2,12.7,10.8,9.7,7.1,5.8,3,8.7,11.5,8.7,12.1,13.4,16,20.3,17.5,17.6,15.4,12.9,9.5,219,144,183,66,7,8,1,1,1,6,80,103,9,14.7,17.4,22.4,22.6,26.2,24,20.7,19.5,14,10.3,8.3,7,3,6,1,0,0,0,0,0,0,1,5,121,179,121,216,263,328,476,387,379,325,239,148,294,187,290,187,157,83,13,49,55,102,163,261,0,1,0,3,6,21,87,32,44,14,4,1,24,22,24,28,29,30,31,31,29,30,27,23,2,0,1,0,0,0,0,0,0,0,0,0,41,66,71,102,130,148,168,132,118,91,57,46,0,0,0,36,123,141,167,131,116,85,0,0,66,52,64,60,56,54,56,60,54,51,57,56,17.34,6.21,13.46,-0.57,-7.72,-9.7,-13.11,-9.96,-11.59,-10.16,-0.17,4.27
SBBG204680,34.0131,-119.6862,9.6,Year_1951.ann,14.2,17.3,11.1,6.2,267,4,90.6,4386.9,13,3367,1590,158,355,14,355,341,0,-5.3,35,1052,812,15.9,67,-56.92,1609,18.3,17.9,21.3,21.9,6.6,7.6,11.7,10.3,12.4,12.8,16.5,16.1,87,62,2,43,10.1,19.6,20.7,13.4,10,3,0,1,567,724,1061,1015,613,513,205,258,3,12,68,75,84,89,92,91,0,0,0,0,167,287,354,244,33,226,352,201,63,68,70,65,-1.93,-12.55,-21.99,-20.45,17,17.1,18.5,16.6,18.6,19.7,22.4,21.8,21.9,23.5,20.3,16.3,5.8,5.7,5.7,8.5,8.6,10.7,12.2,12.2,12.4,10.2,8.4,5.9,11.4,11.4,12.1,12.6,13.6,15.2,17.3,17,17.2,16.9,14.4,11.1,40,39,21,39,1,1,0,1,1,10,32,83,9.2,13,19.5,18.3,21,22.2,21,18.7,16.8,13.4,10,8.2,3,3,2,1,0,0,0,0,0,0,1,4,198,178,223,230,271,306,382,373,366,368,282,191,207,189,190,174,149,99,48,58,62,71,125,217,1,1,2,4,7,15,27,26,39,26,11,2,29,26,29,30,30,30,31,31,30,31,30,29,0,0,0,0,0,0,0,0,0,0,0,0,52,60,90,85,112,112,128,113,94,91,60,55,12,21,69,46,111,111,128,112,92,81,28,0,64,64,60,74,69,72,69,71,71,60,63,62,-2.17,-2.35,-4.9,-1.33,-6.32,-6.51,-8.03,-7.45,-7.46,-8.56,-4.42,2.59
SBBG204689,34.822,-118.945,1411.95,Year_1938.ann,12.6,22.2,4.7,17.5,613,14,36.8,1590.8,67,2923,2407,424,277,121,309,188,19,-19.5,41.9,1234,977,19.9,56,-55.2,1615,11.5,16.6,29.6,21.6,0.6,2.8,12.3,5.8,6,9.7,20.9,13.7,296,245,6,11,11.5,23,28.1,17.1,44,17,0,6,176,475,1465,807,1077,782,47,500,0,9,314,101,48,65,92,72,10,9,0,0,123,309,532,270,0,192,526,259,64,57,51,53,23.93,2.63,-50.71,-31.04,12.1,9.7,11,16.7,22.2,26.8,31,30.8,28.8,20.7,15.3,12.3,0.2,-0.3,-0.4,2.8,5.9,10.6,13.4,12.9,12,5.5,-0.2,1.7,6.2,4.7,5.3,9.7,14,18.7,22.2,21.9,20.4,13.1,7.6,7,60,173,194,47,5,1,2,3,3,5,3,117,11.8,12.2,18,23.7,27.2,28.1,29.3,26.9,23.1,15.7,12.4,10.5,14,19,15,2,0,0,0,0,0,0,5,11,61,34,46,147,283,410,533,522,462,254,91,81,370,368,395,249,138,35,5,7,24,163,314,338,0,0,0,1,8,58,132,124,96,5,0,0,16,13,14,23,29,30,31,31,30,28,14,20,2,8,9,0,0,0,0,0,0,0,0,1,42,42,65,100,144,166,191,175,134,84,52,38,0,0,0,53,139,165,189,172,131,79,49,0,61,66,62,56,52,53,51,50,52,54,51,65,1.98,14.44,15.98,-2.77,-10.58,-14.24,-18.29,-18.18,-15.94,-9.36,-5.74,7.51
UC1135699,36.0144,-121.4665,962.43,Year_1932.ann,12.8,19.2,5.5,13.7,977,32,23.3,597.8,49,2947,2144,234,317,87,328,241,24,-12.6,36.1,1013,751,17.4,66,10.65,1485,10.6,17.2,23.6,21.7,2.5,5.6,13.2,8.8,6.6,11.4,18.4,15.3,1150,109,4,45,10.1,21.5,22.6,15.3,42,5,0,1,176,600,1236,936,1072,625,110,338,0,9,151,74,56,82,92,87,21,0,0,2,104,287,383,238,0,178,379,194,73,63,68,61,72.66,-9.98,-28.48,-23.55,10.1,11.2,15.7,16.8,19.2,22,24.6,24.2,24.5,20.7,19.8,10.5,1.7,2.5,4.3,3.8,8.7,11.8,13.7,14.1,13,8.3,5.2,0.6,5.9,6.8,10,10.3,13.9,16.9,19.2,19.2,18.7,14.5,12.5,5.5,333,314,55,29,25,2,1,1,4,9,32,173,10.5,10.8,17.9,22.8,23.8,22.7,23.6,21.4,19.7,13.9,12.2,9.2,15,11,4,2,0,0,0,0,0,0,1,16,57,68,158,162,280,358,439,439,412,296,228,52,378,309,251,233,141,63,22,25,40,125,173,384,0,0,0,1,7,31,59,62,62,9,3,0,20,20,26,25,30,30,31,31,30,30,27,17,9,5,0,0,0,0,0,0,0,0,2,6,33,41,76,97,114,124,138,121,104,77,58,30,0,0,21,68,90,122,137,121,100,68,25,0,72,71,63,59,67,69,67,69,65,62,55,76,30.42,28,-0.76,-4.18,-5.04,-8.52,-10.22,-9.74,-10.1,-7.84,-5.61,14.23
UC1135716,37.1484,-121.7358,267.22,Year_1938.ann,14.3,20.1,9.7,10.4,914,12,26.6,1731.9,20,3417,1666,299,342,54,342,288,3,-10,39.8,1182,828,17.1,59,-16.93,1728,15.4,18.6,27.3,23.2,5.1,6.1,10.8,7.9,10.3,12.3,19,15.6,655,292,3,84,9.2,20.6,24.4,14.4,14,5,0,2,479,680,1293,966,703,552,87,324,2,16,187,94,81,85,92,84,2,1,0,0,129,307,485,261,0,169,482,177,67,61,53,54,37.38,7.29,-38.98,-22.61,14.9,14.9,15.5,17.7,22.5,25.4,28.4,28,27.6,23,19.2,15.8,4.5,5.4,4.9,5.5,7.9,9.9,11.8,10.7,11.2,9.1,3.4,5.5,9.7,10.2,10.2,11.6,15.2,17.7,20.1,19.4,19.4,16,11.3,10.7,130,344,225,63,4,1,1,1,4,45,34,61,8.8,10.8,16.8,21.8,23,26.1,24.4,22.7,19.9,13.2,10.1,7.9,6,4,4,1,0,0,0,0,0,0,1,4,150,149,165,198,317,379,468,446,432,342,191,180,262,215,244,200,108,50,14,23,32,88,204,225,0,0,0,2,13,41,80,66,74,18,1,2,27,26,28,27,30,30,31,31,30,31,23,29,1,1,0,0,0,0,0,0,0,0,0,0,41,47,72,97,138,155,173,157,123,83,55,40,0,0,0,35,134,154,172,156,119,37,21,0,67,69,66,62,56,55,53,51,53,58,52,65,7.75,29.22,16.93,-0.52,-9.12,-11.41,-13.82,-13.75,-12.8,-5.09,-4.72,0.41
UC1135725,34.7402,-118.6508,1162.12,Year_1935.ann,13.9,25,5.8,19.2,406,42,58.9,601.2,52,3365,2155,654,304,97,319,222,8,-15.8,45.2,1241,935,19.1,60,-79.25,1955,11.5,16.5,31.7,22.2,2.5,4.2,15,7.8,7,10.4,23.3,15,272,128,25,40,11.2,21.7,27.1,16.4,33,15,0,4,237,525,1685,918,986,727,17,424,0,11,501,142,60,72,92,81,5,3,0,1,118,295,556,272,0,171,531,232,70,61,53,57,9.26,-7.27,-52.72,-28.52,10.4,12.8,11.4,16.8,21.3,29.2,32.5,33.3,30.4,21.1,15,13.1,1.3,2.7,0.2,5,7.5,13.2,15,16.7,13.6,7.5,2.4,1.9,5.8,7.8,5.8,10.9,14.4,21.2,23.8,25,22,14.3,8.7,7.5,97,80,70,53,5,1,2,22,12,14,14,37,11.3,12.1,17.9,21.8,25.4,25.6,29.1,26.6,22.8,15,11.5,10.2,16,8,13,1,0,0,0,0,0,0,4,9,55,89,54,178,294,486,581,618,509,290,119,93,380,283,380,219,128,13,2,2,14,131,280,323,0,0,0,2,9,103,180,217,133,9,0,0,19,21,15,27,30,30,31,31,30,30,21,20,3,1,2,0,0,0,0,0,0,0,1,1,37,48,66,96,134,176,198,182,140,83,49,33,0,0,0,43,128,175,196,160,128,69,35,0,69,67,63,63,58,54,52,54,53,58,60,74,6.58,3.54,3.42,-1.64,-9.06,-15.76,-19.34,-17.62,-15.99,-8.1,-4.43,-0.87
UC1179011,39.24166,-121.9703,18.08,Year_1947.ann,16.4,24.2,5.8,18.3,297,19,88.8,1288.4,34,4216,1481,870,324,65,330,265,2,-12.1,42.7,1361,1082,17.8,54,-110.26,2608,13.7,25.6,32.9,24.8,2.5,9.4,14,8.6,8.1,17.5,23.4,16.7,165,86,12,89,8.6,22.5,26.1,14,30,2,0,2,303,1148,1693,1072,913,234,12,322,1,171,507,192,58,91,92,84,1,0,0,1,115,402,571,273,23,316,559,184,64,53,49,53,-2.42,-27.35,-53.07,-27.41,12.2,16.9,19.7,25.7,31.3,31.3,34.1,33.2,34.3,23,17.3,12.5,-0.5,4.8,6.8,8.7,12.6,14.5,14.2,13.2,13,9.6,3.3,1.6,5.8,10.8,13.3,17.2,22,22.9,24.2,23.2,23.6,16.3,10.3,7.1,12,69,69,11,6,12,0,0,1,62,27,29,7.6,11.6,18.1,24.3,25.2,28.6,26.1,23.7,21.1,12.2,8.5,6.6,16,4,1,0,0,0,0,0,0,0,2,11,55,166,258,366,523,538,593,563,558,351,163,82,380,196,158,62,13,7,2,4,8,82,232,337,0,1,4,33,134,153,192,162,171,21,0,0,14,25,30,30,31,30,31,31,30,31,23,20,0,0,0,0,0,0,0,0,0,0,1,1,36,51,84,132,186,183,206,182,151,77,46,29,23,0,15,121,180,171,206,182,150,15,19,0,58,62,60,51,48,53,47,46,43,60,56,71,-2.26,0.68,-0.64,-10.7,-16.02,-14.72,-19.64,-18.71,-20.26,-3.04,-4.11,-0.84
UC1193240,39.6197,-123.1112,405.34,Year_1949.ann,13.2,21.9,1.9,20,601,42,38.7,521,92,3234,2198,443,266,109,296,187,23,-18.3,42.5,1358,1101,18.9,45,-83.83,1832,9.9,21,33.4,26.3,-3.3,4.3,8.6,4.9,3.3,12.7,21,15.6,328,277,7,92,9.3,22.6,28,15.7,84,7,0,1,84,713,1469,969,1288,533,38,339,0,24,311,108,22,77,91,76,20,2,0,1,100,351,614,293,14,251,608,229,55,51,36,41,14.39,-1.18,-63.14,-33.89,9.9,11.4,13.7,24.1,25.1,32,34.7,33.4,32.8,25.2,20.9,10.7,-6.1,-1.5,2.9,3.9,6.2,8.1,9.2,8.5,8.3,2.8,3.8,-2.3,1.9,4.9,8.3,14,15.6,20.1,21.9,20.9,20.5,14,12.3,4.2,19,136,241,2,34,2,3,1,1,10,81,71,8.3,12.4,16.4,26.6,24.8,29.6,28.9,25.6,22.1,14.7,10.3,7.3,44,18,6,0,0,0,0,0,0,0,1,23,14,37,110,271,332,451,524,494,466,281,222,33,502,362,302,135,96,21,6,11,23,139,177,425,0,0,0,7,16,84,124,103,99,7,2,0,3,10,24,25,29,30,31,31,29,23,24,9,2,6,2,0,0,0,0,0,0,0,1,12,33,41,64,130,156,202,221,191,148,92,54,26,14,0,0,129,122,200,217,190,147,82,0,0,46,57,65,42,46,37,35,35,36,38,49,63,-0.27,10.41,19.51,-11.75,-8.94,-19.27,-22.62,-21.25,-20.36,-12.2,-1.33,4.24
UC770670,39.12091,-123.1198,408.19,Year_1947.ann,14.6,21.5,6.5,15,699,34,35.1,623.1,34,3549,1741,472,318,79,328,249,5,-12.6,42.7,1261,899,18.1,54,-56.46,1966,14,21.7,29.9,23.7,2.3,6.6,11.4,7.5,8.2,14.1,20.7,15.6,302,211,19,212,9.2,22.1,26.3,14.7,28,3,0,3,296,844,1440,970,916,412,47,367,1,40,293,138,57,87,92,82,3,0,0,2,118,350,527,265,0,235,508,156,62,55,49,53,11.36,-7.83,-46.22,-13.78,13.4,15.8,17,21.9,26.1,27.2,31.2,31.3,32.4,22.7,16,12.8,-0.3,3.9,5.3,6.1,8.4,10.7,11.8,11.7,10.6,8.9,2.9,1.6,6.5,9.9,11.2,14,17.2,19,21.5,21.5,21.5,15.8,9.4,7.2,50,124,170,26,14,18,0,1,1,181,30,83,8.6,11.6,17.3,24,25,28.4,26.3,24.3,21.8,13.1,9.2,7.5,13,5,3,0,0,0,0,0,0,0,3,10,68,142,194,271,379,419,511,511,494,336,139,86,360,223,214,135,63,31,7,9,17,93,257,332,0,0,1,7,32,63,114,116,121,17,0,0,14,23,28,28,30,30,31,31,30,31,22,19,1,0,0,0,0,0,0,0,0,0,2,1,38,49,75,116,159,164,191,173,145,77,43,31,0,0,0,90,145,146,191,171,144,0,13,0,56,62,63,53,49,53,47,46,42,59,58,68,0.78,6.33,10.5,-7.04,-11.29,-11.47,-17.36,-17.39,-19.17,8.5,-3.1,4.24
UCSB002004,34.7433,-119.985,1379.75,Year_1947.ann,14.8,23.4,6.7,16.7,251,14,98.8,1690.9,36,3649,1779,604,334,59,343,284,4,-8.3,41.3,1189,954,19,64,-89.63,2097,11.8,19.3,29.4,21.8,3.7,7.5,15,10.2,7.8,13.4,22.2,16,194,92,3,35,11.1,22.1,26.3,16.4,29,4,0,3,272,783,1584,1010,938,472,27,342,0,37,414,153,68,87,92,86,2,0,0,2,115,320,503,251,9,228,500,217,73,63,59,65,0.03,-16.2,-47.04,-26.42,11.4,13,14.9,19.6,23.5,27,30.8,30.4,28.5,22.7,14.2,11.6,2.1,3.8,5.1,6.6,11,13.4,15.3,16.4,14.5,11.8,4.3,3.6,6.7,8.4,10,13.1,17.2,20.2,23.1,23.4,21.5,17.2,9.3,7.6,39,38,68,15,9,1,0,2,2,17,16,45,11.7,11.5,16.8,22.8,26.9,24.2,28.7,25.9,22.6,15.2,11.4,10.2,12,7,4,1,0,0,0,0,0,0,3,9,73,104,159,245,379,455,559,569,495,379,135,95,353,265,250,159,62,20,3,3,16,64,262,320,0,0,0,5,32,86,159,169,122,31,0,0,21,23,28,29,31,30,31,31,30,31,25,25,1,0,0,0,0,0,0,0,0,0,2,1,38,47,73,109,139,158,183,162,126,81,44,29,0,9,5,94,129,157,183,160,124,64,28,0,69,70,68,60,62,60,56,60,60,67,68,81,0.18,-0.85,0.84,-7.26,-9.78,-13.35,-17.42,-16.27,-14.62,-7.97,-3.83,0.7
UCSB002027,37.47039,-122.1678,9.63,Year_1959.ann,15.2,19.7,10.3,9.5,280,27,90.3,718.9,15,3768,1350,326,352,29,352,322,1,-8.6,38.2,1167,984,16.6,61,-76.81,2006,16.5,21.6,26.1,23.4,5.7,8.2,12.2,9.5,11.1,14.9,19.2,16.5,227,20,2,27,8.9,21.3,22.6,13.6,13,2,0,1,506,912,1306,1044,675,344,78,253,2,35,192,97,81,90,92,89,1,0,0,0,133,338,447,248,0,318,445,221,66,59,59,58,6.34,-23.66,-33.38,-26.1,15.4,15.4,20.6,22.3,21.9,25.4,26.8,26.2,24.8,24.9,20.5,16.5,6.2,5.1,6.9,8.5,9.1,11.2,12.6,12.8,11.7,10.8,6.1,4.3,10.8,10.3,13.7,15.4,15.5,18.3,19.7,19.5,18.2,17.8,13.3,10.4,98,107,11,8,1,0,0,1,24,1,2,25,8.1,11.2,19.3,22.7,21.8,24.5,22.7,20.7,18.1,13.2,9.5,7.4,4,4,1,0,0,0,0,0,0,0,1,4,182,152,272,313,328,399,456,451,397,397,250,173,229,213,146,99,99,40,17,21,46,54,152,233,0,0,5,14,15,51,71,70,53,38,5,1,29,25,30,30,31,30,31,31,30,31,28,26,0,0,0,0,0,0,0,0,0,0,0,0,40,49,91,116,131,150,158,139,106,87,56,44,0,0,81,108,130,150,158,138,82,85,54,0,70,67,58,58,61,58,59,61,61,58,56,61,4.61,5.34,-7.05,-8.14,-8.47,-10.74,-11.66,-10.98,-7.66,-10.33,-8.12,-3.61
US 2997401,37.1083,-121.985,290.62,Year_1953.ann,14.7,20,10.2,9.9,610,36,40.5,555.2,16,3559,1531,309,342,62,346,285,3,-8.2,37.3,1223,854,18,56,-55.47,1831,15.9,19.5,27.6,24,5.6,5.1,10,9.6,10.7,12.3,18.8,16.8,555,235,13,139,10.2,21.9,25.2,14.6,11,4,0,1,542,675,1269,1073,632,554,101,245,3,12,176,118,80,81,91,90,2,1,0,1,132,328,499,265,52,120,487,196,67,56,50,58,3.24,-0.8,-39.97,-17.95,16.6,17.1,17.5,18.6,22.4,25.1,30,27.6,27.9,25,19,16.9,7.2,3.2,3.9,4.9,6.4,8.6,10,11.3,12.2,8.3,8.3,4.6,11.9,10.2,10.7,11.8,14.4,16.9,20,19.5,20,16.6,13.7,10.7,177,6,97,116,21,8,1,3,2,18,120,41,8.9,13.4,19.4,23,23.3,27.5,25.7,22.5,20,14.4,9.6,8.2,3,4,3,1,0,0,0,0,0,0,1,4,211,150,179,202,294,356,465,448,451,361,261,182,195,215,229,196,128,64,15,22,27,75,143,223,1,0,1,2,9,30,78,68,88,24,6,2,31,22,26,27,29,30,31,31,30,30,30,27,0,0,0,0,0,0,0,0,0,0,1,1,42,57,83,103,141,156,189,153,123,92,49,32,0,52,0,0,120,148,188,150,121,75,0,0,70,57,57,58,53,52,45,53,55,51,67,75,11.91,-6.32,2.74,4.13,-7.67,-10.82,-16.15,-13,-13.11,-9.84,5,-2.35
AHUC102397,38.54814,-121.8723,28.91,Year_1977.ann,16.4,24.5,6.4,18.1,345,38,76.5,644.2,25,4192,1414,798,337,60,337,277,1,-12.2,43.6,1377,1127,17.9,54,-106.16,2507,15.5,22.5,34.4,25.6,2.2,6.9,14,9.3,8.9,14.7,24.2,17.4,93,70,2,102,9.2,22.2,25.8,14.4,21,3,0,1,405,893,1764,1131,798,371,9,236,2,51,577,168,72,86,92,88,1,0,0,0,133,360,609,276,26,290,607,204,58,54,46,53,1.86,-22.2,-60.29,-25.53,11.4,18.8,18.1,26.2,23.1,33.4,35.4,34.4,30.1,27,19.6,14.3,1.5,4.4,4,8.4,8.3,14,13.7,14.4,12.7,9.6,5.5,5.4,6.4,11.6,11.1,17.3,15.7,23.7,24.5,24.4,21.4,18.3,12.5,9.8,37,33,43,5,22,1,1,0,14,7,81,102,7.8,13,19.2,25.1,22.3,26.1,27.1,24.1,20,14.1,9.1,6.8,13,3,3,0,0,0,0,0,0,0,1,5,66,182,191,368,333,560,604,599,491,412,227,156,362,184,216,61,94,5,2,2,17,46,173,251,0,1,1,34,17,175,204,199,119,47,3,1,19,24,26,30,30,30,31,31,30,31,27,28,1,0,0,0,0,0,0,0,0,0,0,0,33,59,83,137,140,201,219,189,130,95,51,41,0,26,40,133,118,200,218,188,116,88,0,0,67,56,56,49,56,48,43,46,51,50,57,51,0.58,-4.22,-2.87,-11.88,-7.45,-18.66,-21.67,-19.96,-13.67,-12.15,0.29,5.5
AHUC102398,36.9382,-121.1885,377.49,Year_1960.ann,15.4,25,7.3,17.7,370,9,68.7,2881.3,29,3867,1642,691,327,80,327,247,2,-13.6,40.4,1366,1125,18.7,55,-97.89,2240,14.8,21.9,33.3,23.7,2.1,6.3,13.8,8.4,8.4,14.1,23.6,16.1,215,53,2,93,9.8,22.7,27.2,14.9,25,2,0,2,307,844,1707,1009,896,410,13,324,1,32,521,138,62,86,92,86,2,0,0,0,134,363,595,274,0,310,592,223,59,54,47,55,8.36,-23.75,-58.25,-24.25,12.9,14.5,19.2,21,25.4,32.3,34.9,32.7,30.7,23.8,16.6,13.9,1.7,3.2,5.6,5.7,7.8,13.2,15,13.3,12.2,8.1,5,2.1,7.3,8.9,12.4,13.4,16.6,22.8,25,23,21.4,16,10.8,8,74,127,21,29,3,1,1,1,3,1,89,21,9.1,12.1,19.4,24.2,24.7,28.8,28.1,24.8,21.2,14.1,9.5,8.2,11,6,2,0,0,0,0,0,0,0,2,8,85,116,232,253,359,533,618,556,491,341,177,105,336,252,183,152,75,7,1,4,17,89,218,308,0,0,2,5,24,148,217,156,119,18,1,0,20,22,29,28,30,30,31,31,30,30,26,21,1,1,0,0,0,0,0,0,0,0,0,0,39,50,88,116,159,197,214,183,139,88,47,46,0,0,68,87,155,196,214,182,136,87,0,0,64,64,58,54,49,48,47,47,49,54,63,51,3.32,7.65,-5.74,-6.17,-11.84,-18.26,-21.28,-18.71,-16.29,-10.56,2.59,-2.61
CHSC021925,34.58944,-120.0319,160.08,Year_1970.ann,15.7,21.1,10.1,11,488,3,52.7,6129.9,13,3917,1294,418,346,53,335,283,0,-8.8,42.2,1403,1074,18.9,53,-83.4,2134,18.8,22.1,29.5,25.4,5.4,6.2,11,8.1,12.1,14.2,20.3,16.8,193,89,1,113,10.7,23.3,26,15.5,10,2,0,1,591,850,1406,1070,592,406,55,242,4,33,269,112,81,85,92,88,0,0,0,0,173,378,543,310,0,288,542,244,59,53,48,50,7.73,-19.93,-45.92,-25.28,17.7,19.7,19.8,21.4,25.1,27,31,30.7,30,25.4,20.8,16.3,6,5.8,5.8,4.5,8.4,10.3,11.3,11.4,9.4,8,6.9,3.9,11.8,12.8,12.8,13,16.7,18.6,21.1,21.1,19.7,16.7,13.8,10.1,88,86,84,4,1,1,0,1,1,3,109,110,9.5,14.2,20.3,26,23.8,28.3,25.8,23.8,21.1,14.8,10.6,8.6,3,2,2,1,0,0,0,0,0,0,1,5,209,218,244,241,365,408,500,498,441,363,266,164,196,153,171,163,71,36,9,11,30,74,139,243,1,2,3,4,26,56,106,106,80,24,7,1,29,26,29,26,30,30,31,31,29,30,29,26,0,0,0,0,0,0,0,0,0,0,0,0,52,68,96,124,158,167,197,179,147,101,62,53,0,0,11,120,157,167,197,178,145,98,0,0,63,57,57,50,51,52,46,47,43,50,57,56,2.28,0.71,0.47,-9,-11.4,-12.69,-16.81,-16.42,-16.18,-11.58,2.47,4.75
CHSC023528,36.47833,-121.7292,123.12,Year_1975.ann,13.5,18,10.1,7.9,428,9,54.9,1907.7,20,3130,1821,164,324,85,329,244,2,-10.9,39.3,1161,865,17.2,56,-61.76,1456,16.5,18.1,24.6,22.9,3.4,5,9.6,7,10,11.6,17.1,14.9,257,178,7,50,9.8,21,23.6,14.3,13,5,0,2,492,617,1113,908,690,607,172,353,2,10,88,65,68,81,91,83,1,1,0,0,148,309,440,264,22,195,433,214,59,59,56,53,-1.66,-3.52,-31.45,-25.13,18,15.8,16.2,16.7,21.6,22.7,25.2,25.8,25.9,23.4,19.4,18.5,2.7,4.5,4.7,3.6,6.8,8.8,10,9.9,10.1,7.3,3.6,2.4,10.3,10.2,10.4,10.1,14.2,15.8,17.6,17.9,18,15.3,11.5,10.5,30,152,141,36,1,2,2,4,1,35,14,10,8.9,12.1,17.8,22.8,22.4,26.6,22.8,21.5,19.3,13.6,10,8.4,5,4,3,2,0,0,0,0,0,0,1,4,169,149,172,158,287,322,392,400,391,321,196,174,242,216,237,236,134,87,42,42,49,104,199,232,0,0,1,1,8,19,31,38,50,14,1,1,22,24,27,24,29,30,31,31,30,30,24,22,0,0,0,0,0,0,0,0,0,0,0,0,52,53,77,96,136,139,156,146,118,89,57,42,22,0,0,60,135,137,154,142,117,54,43,0,53,64,64,59,55,58,55,54,54,52,52,59,-4.37,9.46,8.17,-2.84,-8.86,-9.15,-10.99,-11.31,-11.65,-6.76,-6.72,-6.75
DAV309036,36.51091,-121.7685,70.62,Year_1963.ann,13.9,19.2,8.6,10.6,542,17,44.1,1111,19,3268,1717,186,331,61,340,279,2,-9.3,38.8,1156,722,16.8,57,-49.23,1577,17.7,18.2,24.1,23.4,4.3,5.9,9.2,8.6,11,12.1,16.7,16,270,199,4,118,9.8,20.7,22.5,14.2,13,4,0,1,536,656,1074,1002,655,572,197,293,5,11,73,98,68,84,91,88,1,1,0,0,155,299,434,267,0,114,431,177,58,62,56,56,1,-0.61,-30.79,-18.83,15.9,19.4,17.2,17.2,20.1,22.4,24.6,25.5,27.5,24.5,18.3,19.2,1.3,7.4,4,5.5,8.3,8.5,9.3,9.8,10.8,9.2,5.6,2.3,8.6,13.4,10.6,11.3,14.2,15.4,16.9,17.6,19.2,16.9,12,10.7,116,96,96,95,7,2,1,1,6,32,79,9,8.6,12.4,19.2,21.5,21.5,23.8,22.5,21.2,19.7,13.6,9.3,8.3,7,2,3,1,0,0,0,0,0,0,1,4,119,235,178,191,287,313,370,391,425,368,209,182,295,137,230,207,134,95,55,47,35,71,187,223,0,3,1,2,8,16,22,34,70,26,2,2,19,28,26,27,30,30,31,31,30,31,27,22,1,0,0,0,0,0,0,0,0,0,0,0,48,61,83,95,121,138,153,144,126,90,52,46,0,0,0,0,114,136,152,143,119,58,0,0,54,63,59,63,63,58,55,54,52,55,60,58,5.84,2.39,2.95,3.23,-6.79,-8.87,-10.64,-11.28,-12.4,-7.4,0.97,-7.23
DAV309046,35.73886,-118.6264,1407.83,Year_1964.ann,10.6,21.4,2.3,19.1,637,66,32.3,323.1,127,2401,2961,268,236,140,291,151,23,-22.2,39.2,1142,778,19.6,55,-36.16,1297,10,14.3,27.6,19.9,-3.4,0.7,10.8,4.5,3.3,7.5,19.2,12.2,93,200,12,148,12.1,22.5,27.1,16.6,86,27,0,13,77,309,1311,704,1305,973,108,574,0,2,224,42,24,50,91,70,9,12,0,3,117,275,499,252,27,93,487,171,54,56,52,53,19.56,3.28,-44.89,-14.11,8.4,10.7,10.4,14,18.4,23.6,30.2,29.1,24.7,24.1,10.9,10.2,-3.8,-4.1,-2.5,0.8,3.8,7.9,12.5,12,7.6,6.8,-0.9,-0.6,2.3,3.3,4,7.4,11.1,15.8,21.4,20.6,16.2,15.4,5,4.8,56,19,83,70,47,5,1,6,7,35,106,201,11.3,15,19,23.1,25.4,26.7,28.7,25.9,21.7,17.1,10.9,10,40,27,23,4,0,0,0,0,0,0,13,19,16,20,29,87,193,322,507,482,336,324,44,41,490,408,437,318,218,87,8,13,82,102,391,407,0,0,0,0,2,19,111,94,28,14,0,0,6,5,8,17,25,29,31,31,29,29,12,13,6,2,8,3,1,0,0,0,0,0,3,1,34,47,64,88,122,149,186,164,118,94,39,36,0,27,0,18,75,143,185,158,112,59,0,0,57,50,56,58,55,54,51,52,50,50,61,56,3.5,-1.04,5.24,1.8,-3.76,-11.29,-17.65,-15.96,-12.32,-9.08,7.29,17.1
DAV309060,38.53228,-121.7488,15.55,Year_1958.ann,16.9,25.9,7.7,18.2,601,24,44.8,1072.9,21,4362,1319,883,344,44,345,301,3,-12.2,50.8,1349,1043,17.7,55,-82.46,2660,13.4,22.1,33.3,27.8,4.6,7.8,14.3,9.8,9,14.9,23.8,18.8,405,224,8,10,8.2,21.3,26.1,15.1,16,4,0,1,463,916,1730,1253,724,382,14,198,3,86,545,249,77,88,92,88,3,0,0,0,108,356,581,304,0,177,572,294,71,57,48,49,20.21,-6,-55.28,-41.39,12.4,15.9,15.7,22.3,28.2,30.1,33.6,36.2,33.6,29.1,20.7,17.6,2.9,7.7,4.7,7.7,10.9,13.3,14.2,15.5,13.5,10.4,5.4,3.9,7.7,11.8,10.2,15,19.5,21.7,23.9,25.9,23.5,19.8,13,10.8,118,216,116,95,13,7,1,1,2,5,3,23,7.8,9.5,16.8,23.1,23.9,27.8,25.8,24.7,21,14.9,9.4,7.3,10,3,4,0,0,0,0,0,0,0,1,4,94,187,166,301,449,500,585,645,555,456,242,182,325,178,243,109,30,11,2,1,8,30,160,222,0,1,0,12,74,117,184,244,169,76,4,2,23,28,27,29,31,30,31,31,30,31,27,26,2,0,0,0,0,0,0,0,0,0,0,1,34,44,71,116,169,178,203,199,148,102,54,30,0,0,0,22,155,171,203,198,145,97,52,0,69,74,65,56,51,53,48,45,46,48,54,71,8.19,16.55,6.02,0.26,-12.28,-14.25,-18.81,-22.22,-18.9,-14.22,-8.28,-4.52
FSC0005880,36.77628,-119.4116,146.66,Year_1964.ann,16.8,27.7,6.9,20.8,307,25,87.4,1128.9,28,4363,1480,1044,330,67,336,269,1,-11.9,47,1464,1228,19,53,-123.44,2720,13.1,23.2,36.3,26.2,2,6.7,15.7,9.4,7.5,14.9,26,17.8,45,85,3,94,9.9,23,27.9,15.3,23,3,0,2,350,917,1929,1166,849,358,7,266,1,61,743,239,67,85,92,86,1,0,0,0,126,386,648,305,62,301,644,221,64,52,46,52,-2.11,-22.93,-68.03,-30.37,12.4,17,18.6,23.6,27.3,32.9,38.3,37.7,32.6,29.5,16.5,13.1,1.5,2.7,4,7.1,9.1,13.3,17.1,16.6,12.5,11.4,4.2,4.8,6.9,9.9,11.3,15.3,18.2,23.1,27.7,27.1,22.6,20.4,10.4,8.9,30,5,45,27,14,3,0,0,7,28,58,89,8.6,13.7,19.9,24.7,24.4,29.1,28.9,25.6,21.1,15.6,9.1,7.4,12,5,3,0,0,0,0,0,0,0,2,6,77,142,197,311,408,543,702,685,526,476,165,132,347,224,211,101,47,6,0,1,12,24,230,278,0,0,1,14,46,158,301,284,146,92,0,1,19,21,26,29,31,30,31,31,30,31,25,28,1,0,0,0,0,0,0,0,0,0,0,0,38,58,88,128,170,202,235,211,149,108,48,29,8,54,43,101,156,198,235,211,142,80,0,0,64,55,55,51,48,47,45,45,46,49,61,73,-0.7,-6.3,-3.01,-7.87,-12.05,-18.28,-25.27,-24.49,-17.72,-12.25,-0.4,4.89
FSC0005888,37.19186,-119.6144,399.27,Year_1970.ann,15.6,26.7,6.2,20.5,628,15,40.7,1776.6,33,3911,1721,820,303,107,308,201,3,-16.8,44,1457,1144,19.7,49,-91.76,2327,15.9,21.9,35.3,25.8,1.4,4.2,14.3,6.8,8.7,13.1,24.8,16.3,315,97,13,143,10.3,24,28.8,15.8,26,5,0,1,312,750,1818,1030,897,513,10,301,0,52,633,135,56,73,92,83,3,0,0,0,144,378,633,302,4,281,620,239,55,48,45,46,21.74,-21.84,-65.57,-26.09,14.7,17.2,18.1,19,28.6,32.3,37.5,36,32.3,25.5,19.6,12,1.7,2.4,2.6,1.8,8.2,12.4,16,14.5,10.4,6.3,3.9,0.4,8.2,9.8,10.3,10.4,18.4,22.4,26.7,25.2,21.3,15.9,11.7,6.2,198,54,77,18,1,12,1,0,1,7,135,123,9.2,13.7,20.5,25.5,26.2,31,29.6,25.9,21.7,15.1,10.5,8,8,5,3,1,0,0,0,0,0,0,1,13,108,140,169,166,415,520,672,626,488,339,203,64,308,226,239,230,44,8,1,1,18,91,193,363,0,0,1,1,50,136,271,225,117,17,1,0,20,20,23,20,30,30,31,31,30,29,24,16,2,0,0,0,0,0,0,0,0,0,0,1,43,58,88,111,180,199,232,203,150,97,56,43,0,4,10,92,178,187,231,202,149,90,0,0,58,54,52,48,43,46,44,44,41,45,52,51,14.63,-1.65,0.04,-6.61,-15.27,-17.41,-25.04,-23.12,-19.13,-12.05,5.1,8.76
FSC0005890,36.94855,-119.7338,87.56,Year_1963.ann,16.5,25.6,5.4,20.2,375,20,70.6,1282.8,36,4249,1548,954,331,62,341,279,1,-11.3,46.5,1411,1051,18.1,56,-103.23,2648,15.5,21.9,34.8,25.7,3.8,7.4,14.3,10.7,9.6,14.7,24.6,18.2,143,141,4,99,9,21.9,26.8,14.7,32,3,0,1,352,893,1801,1204,888,404,10,247,3,83,615,252,64,86,92,89,1,0,0,0,136,360,624,291,0,218,620,213,63,56,45,57,0.3,-14.05,-62.35,-27.14,12.5,18.9,18.6,19.1,28.1,32.1,36.3,36.1,33.7,26.7,16.9,8.9,0.1,8,4.6,6.2,11.4,12.9,15,15.1,15.1,11.1,5.9,2,6.3,13.5,11.6,12.7,19.7,22.5,25.6,25.6,24.4,18.9,11.4,5.4,48,74,57,73,11,3,0,1,5,27,67,9,8.4,11.5,19.5,22.2,24.1,27.5,27.8,25,21.1,14.2,8.8,7,14,2,2,1,0,0,0,0,0,0,1,16,64,238,206,232,455,525,638,638,580,430,194,50,366,135,203,172,29,8,1,1,6,39,201,387,0,3,1,4,78,141,237,237,194,57,1,0,15,28,27,28,31,30,31,31,30,31,28,21,1,0,0,0,0,0,0,0,0,0,0,0,40,57,87,104,169,196,225,203,150,95,46,39,0,0,30,30,158,193,225,202,144,69,0,0,60,66,57,60,52,47,44,45,49,55,65,62,1.09,0.53,-1.66,-0.03,-12.36,-17.31,-22.69,-22.35,-18.35,-9.45,0.66,-1.32
HSC201129,37.43494,-122.2958,386.34,Year_1971.ann,13.6,20.5,8.1,12.4,562,26,42.1,775.7,26,3198,1887,284,341,61,342,281,3,-7.4,42.2,1119,835,17,62,-44.19,1588,13.6,17.2,26.6,22.6,5.3,5.4,10.8,8.8,9.4,11.3,18.7,15.7,363,170,6,89,9.3,20.4,23.9,14.4,19,5,0,1,378,588,1258,974,815,638,108,326,1,7,172,104,78,83,92,88,2,1,0,1,112,285,469,253,20,161,463,191,73,63,54,59,16.73,-2.71,-37.17,-21.04,13.7,14.3,14.9,17.2,19.5,24,27.1,28.6,28.6,22.2,17.1,11.8,5.3,4.1,4.6,4.6,6.9,9.1,10.8,12.4,11.8,7.7,6.9,4.4,9.5,9.2,9.7,10.9,13.2,16.6,18.9,20.5,20.2,15,12,8.1,70,27,115,44,11,2,1,4,9,7,73,200,9,11.2,16.6,22.1,22.5,24.5,24.2,23,20.5,13.3,9.3,7.6,6,6,4,1,0,0,0,0,0,0,1,8,145,125,151,179,258,346,432,480,455,310,209,108,268,242,258,219,161,70,24,14,25,114,187,305,0,0,0,2,5,26,54,92,91,11,2,0,28,24,27,26,30,30,31,31,30,30,29,27,0,0,0,0,0,0,0,0,0,0,1,1,36,47,69,96,120,147,166,157,127,81,45,29,0,20,0,51,110,145,165,153,118,73,0,0,73,67,67,61,61,56,53,54,52,57,67,79,2.46,-2.23,6.17,-2.27,-6.61,-10.39,-12.98,-13.8,-13.41,-8.72,1.1,16.5
LOB116083,34.17056,-118.8376,271.2,Year_1970.ann,17.4,24.3,11.5,12.9,499,2,55,9909.8,9,4539,996,740,362,14,357,342,0,-3.5,44.9,1397,1079,18.6,59,-83.96,2718,18.9,22.6,31,26.2,7.8,8.3,14.6,11.1,13.3,15.5,22.8,18.6,140,86,1,152,10.6,22.5,25.7,15.6,7,2,0,0,695,969,1638,1238,500,313,24,159,9,61,467,203,89,90,92,91,0,0,0,0,167,375,546,309,0,289,545,245,65,57,54,56,6.2,-20.36,-48.19,-21.61,17.4,20.4,20.6,21.5,25.8,27.5,32.5,33,31.2,26,21.3,16.4,7.8,8,7.4,7,10.7,13,15.2,15.7,12.6,11.4,9.3,6.6,12.6,14.2,14,14.2,18.2,20.2,23.8,24.3,21.9,18.7,15.3,11.5,51,84,84,1,1,1,0,0,1,1,150,125,9.8,13.4,19.7,23.9,24,26.6,26.2,24.3,21.3,14.8,10.8,8.8,2,1,1,0,0,0,0,0,0,0,0,3,237,258,281,279,409,456,583,598,505,423,309,200,176,118,138,128,47,19,2,2,15,42,103,207,2,5,6,8,47,87,182,198,130,53,20,2,31,28,30,29,31,30,31,31,30,31,30,30,0,0,0,0,0,0,0,0,0,0,0,0,49,68,97,120,157,163,198,184,148,99,61,50,0,0,14,119,157,163,198,184,147,98,0,0,70,62,59,56,56,58,52,52,49,57,63,65,-0.92,0.37,0.08,-8.87,-11.57,-12.48,-17.68,-18.03,-16.8,-11.51,6.7,6.75
OBI112563,36.33189,-121.7956,253,Year_1954.ann,13.6,20.3,8.7,11.7,820,19,28.8,1095.9,23,3180,1840,212,329,74,326,252,4,-10.8,32.7,1169,799,17.4,57,-21.69,1533,16.8,17.7,25.3,23.1,3.3,5.1,10.6,7.5,10,11.4,17.9,15.3,391,256,10,87,10.7,20.8,23.6,14.6,16,6,0,1,448,599,1190,942,741,634,145,320,2,9,139,62,70,81,91,86,2,1,0,0,152,303,449,265,0,159,439,201,58,60,57,54,27.82,5.18,-32.77,-21.91,13.8,19.4,14.2,18.4,20.5,23.7,28,24.1,25.6,23.7,20,16,3.5,3.5,3.2,5.7,6.2,8.2,12.7,10.8,9.7,7.1,5.8,3,8.7,11.5,8.7,12.1,13.4,16,20.3,17.5,17.6,15.4,12.9,9.5,219,144,183,66,7,8,1,1,1,6,80,103,9,14.7,17.4,22.4,22.6,26.2,24,20.7,19.5,14,10.3,8.3,7,3,6,1,0,0,0,0,0,0,1,5,121,179,121,216,263,328,476,387,379,325,239,148,294,187,290,187,157,83,13,49,55,102,163,261,0,1,0,3,6,21,87,32,44,14,4,1,24,22,24,28,29,30,31,31,29,30,27,23,2,0,1,0,0,0,0,0,0,0,0,0,41,66,71,102,130,148,168,132,118,91,57,46,0,0,0,36,123,141,167,131,116,85,0,0,66,52,64,60,56,54,56,60,54,51,57,56,17.34,6.21,13.46,-0.57,-7.72,-9.7,-13.11,-9.96,-11.59,-10.16,-0.17,4.27
SBBG204456,34.015,-119.605,328.19,Year_1960.ann,14,17.8,10.1,7.7,436,4,55,4216.8,15,3304,1646,150,356,22,350,328,1,-4.6,34,1075,793,16.5,66,-44.25,1561,16.3,18.4,22.4,20.9,6.3,7.7,11.2,9.5,11.3,13.1,16.8,15.2,263,73,1,114,10.3,20.1,21.7,13.8,11,2,0,1,539,750,1087,928,641,489,188,328,4,14,77,56,84,90,92,90,1,0,0,0,149,299,387,240,0,226,386,182,68,66,66,65,7.29,-12.92,-25.92,-12.7,14.6,15.6,17.5,18.7,19,21.4,23.8,22.1,23.5,21,18.2,18.2,5.5,6.1,7.2,7.7,8.2,10.3,11.8,11.4,11.2,9.1,8.1,5.8,10.1,10.9,12.3,13.2,13.6,15.9,17.8,16.7,17.3,15.1,13.1,12,125,101,13,59,1,1,0,1,2,4,108,22,9.9,11.7,17.3,21.1,21.9,22.9,22.3,19.7,18.5,12.9,10.1,9.3,5,4,2,1,0,0,0,0,0,0,1,3,161,166,231,249,270,325,397,365,370,313,246,212,251,196,183,156,150,85,39,63,60,111,157,194,0,1,2,5,6,20,33,24,40,12,4,3,28,27,30,29,30,30,31,31,30,31,30,29,1,0,0,0,0,0,0,0,0,0,0,0,44,53,81,101,116,127,141,119,107,81,53,51,0,0,69,42,115,126,141,118,105,77,0,0,70,70,68,66,66,66,64,67,63,64,68,64,7.42,4.66,-5,-1.01,-6.91,-8.08,-9.59,-8.25,-9.25,-7.75,4.31,-4.79
SBBG204680,34.0131,-119.6862,9.6,Year_1951.ann,14.2,17.3,11.1,6.2,267,4,90.6,4386.9,13,3367,1590,158,355,14,355,341,0,-5.3,35,1052,812,15.9,67,-56.92,1609,18.3,17.9,21.3,21.9,6.6,7.6,11.7,10.3,12.4,12.8,16.5,16.1,87,62,2,43,10.1,19.6,20.7,13.4,10,3,0,1,567,724,1061,1015,613,513,205,258,3,12,68,75,84,89,92,91,0,0,0,0,167,287,354,244,33,226,352,201,63,68,70,65,-1.93,-12.55,-21.99,-20.45,17,17.1,18.5,16.6,18.6,19.7,22.4,21.8,21.9,23.5,20.3,16.3,5.8,5.7,5.7,8.5,8.6,10.7,12.2,12.2,12.4,10.2,8.4,5.9,11.4,11.4,12.1,12.6,13.6,15.2,17.3,17,17.2,16.9,14.4,11.1,40,39,21,39,1,1,0,1,1,10,32,83,9.2,13,19.5,18.3,21,22.2,21,18.7,16.8,13.4,10,8.2,3,3,2,1,0,0,0,0,0,0,1,4,198,178,223,230,271,306,382,373,366,368,282,191,207,189,190,174,149,99,48,58,62,71,125,217,1,1,2,4,7,15,27,26,39,26,11,2,29,26,29,30,30,30,31,31,30,31,30,29,0,0,0,0,0,0,0,0,0,0,0,0,52,60,90,85,112,112,128,113,94,91,60,55,12,21,69,46,111,111,128,112,92,81,28,0,64,64,60,74,69,72,69,71,71,60,63,62,-2.17,-2.35,-4.9,-1.33,-6.32,-6.51,-8.03,-7.45,-7.46,-8.56,-4.42,2.59
SBBG204702,34.0324,-119.8104,481.4,Year_1967.ann,14,19.6,9.9,9.7,573,13,41.9,1496.2,17,3302,1700,214,349,39,354,315,2,-5.5,40.2,1090,738,17,65,-34.5,1598,16.6,16.7,23.4,22,5.5,6.2,11.1,11,11,11.5,17.3,16.5,334,203,2,113,11,19.9,22.9,14.2,12,5,0,1,518,608,1130,1046,667,615,179,239,2,8,115,90,81,86,92,91,1,1,0,0,156,283,409,242,39,119,407,173,65,67,63,66,7.08,1.77,-29.03,-14.33,16.3,17.2,16.1,14.7,19.4,20.1,24.3,26,23.2,22.7,20.1,15.2,5.5,5,6.1,5,7.6,8.7,11.3,13.2,13.2,9.6,10.2,4.8,10.9,11.1,11.1,9.9,13.5,14.4,17.8,19.6,18.2,16.1,15.2,10,180,22,88,113,2,1,0,1,9,4,99,52,10.4,13.4,17,20.1,22.6,23.9,23,21.8,18,14,10.7,9.2,4,3,3,2,0,0,0,0,0,0,0,5,185,172,191,150,266,281,397,453,396,346,305,161,225,196,216,245,153,119,39,21,47,86,106,246,0,1,1,1,6,10,33,71,53,19,18,1,28,25,29,27,30,30,31,31,30,31,30,27,1,0,0,1,0,0,0,0,0,0,0,0,50,61,77,85,121,123,146,140,99,88,56,45,0,39,0,0,119,122,146,139,90,83,0,0,65,62,68,69,63,65,61,62,70,60,69,67,11.92,-4.47,3.01,6.07,-7.31,-7.64,-10.29,-11.09,-7.86,-9.02,2.55,-0.36
SBBG205485,34.9036,-120.2278,245.57,Year_1961.ann,15.3,22.1,9.8,12.3,217,7,116.9,2993.7,16,3779,1441,430,336,66,333,267,1,-10.5,39.9,1291,1095,18.1,56,-97.17,2035,18.6,20.4,28.2,23.8,3.4,6.3,13.7,8.2,11,13.4,21,16,69,36,2,83,11,22.4,24,15.1,12,3,0,1,533,775,1469,1002,645,463,42,292,2,18,313,97,72,86,92,86,0,0,0,0,176,344,488,283,80,308,486,220,53,57,58,54,-12.57,-21.61,-39.08,-23.9,19.4,18.9,18.6,21.7,21.1,26.6,29.4,28.7,26.8,25.4,19.2,16.1,2.9,4.7,4.8,6.4,7.7,12,13.6,15.4,11.2,8.8,4.6,3.5,11.2,11.8,11.7,14,14.4,19.3,21.5,22.1,19,17.1,11.9,9.8,34,11,25,7,3,1,0,1,2,1,79,50,9.9,14.3,20,24.5,22.5,25.3,24.6,22.2,19.9,14.8,10.5,8.7,4,3,2,0,0,0,0,0,0,0,1,5,192,186,208,273,294,429,511,529,420,375,207,155,213,178,201,134,128,28,7,6,37,66,189,253,0,1,1,7,9,69,115,129,66,29,2,1,23,25,27,28,30,30,31,31,30,30,26,25,0,0,0,0,0,0,0,0,0,0,0,0,60,66,91,121,132,159,177,152,125,99,59,50,26,54,65,114,129,158,177,151,123,98,0,0,50,56,57,54,59,57,55,62,55,52,55,54,-4.96,-6.54,-4.89,-8.53,-8.19,-11.89,-14.34,-12.85,-12.3,-11.63,0.03,-1.06
SBBG205498,35.1377,-118.7874,353.89,Year_1974.ann,18.2,28.3,7.7,20.7,237,6,119.1,4421.7,23,4865,1261,1332,344,49,342,293,1,-8.8,44.6,1430,1199,18.6,60,-122.14,3172,15,24,35.4,26.8,4,10.1,19.1,12.8,9.5,17,27.3,19.8,85,87,2,56,10.5,22.3,26.1,15.5,21,1,0,1,371,1106,2044,1344,822,244,2,192,1,138,854,339,71,92,92,89,1,0,0,0,142,386,599,304,56,299,596,248,65,59,56,59,-5.85,-23.04,-60.12,-33.12,12.9,17.5,19.4,23.7,28.8,34.8,36.1,35.2,35,26,19.4,12.7,3.4,4.2,8.1,8.7,13.3,17.6,20.5,19.2,18.4,13.3,6.7,2.7,8.2,10.9,13.8,16.2,21.1,26.2,28.3,27.2,26.7,19.6,13.1,7.7,57,5,53,31,3,1,0,2,1,41,14,30,9.6,13.6,17.9,23.9,25.2,26.5,27.1,24.7,21.7,14.3,10.5,8.4,8,4,1,0,0,0,0,0,0,0,1,9,108,166,273,337,496,636,720,687,649,452,243,97,308,196,145,81,18,2,0,1,3,31,159,318,0,1,5,21,112,248,319,287,262,73,4,0,24,24,31,30,31,30,31,31,30,31,28,23,1,0,0,0,0,0,0,0,0,0,0,0,40,61,88,128,171,205,206,187,155,92,57,40,0,56,34,97,168,204,206,186,154,51,43,0,69,59,65,56,56,53,58,56,55,63,61,67,1.56,-6.46,-1.99,-7.35,-13.7,-19.94,-20.5,-19.69,-19.89,-6.92,-6.32,-0.95
SBBG205501,35.71457,-118.5893,1419.83,Year_1972.ann,10.7,21.7,0.9,20.8,468,42,44.1,513.7,148,2462,2941,267,243,130,284,154,50,-21.9,35.9,1141,925,19.4,56,-52.4,1279,8.3,18.2,27.9,16.2,-3.9,3,11.7,3.4,2.2,10.6,19.8,9.8,252,39,31,224,11.8,23.7,27.2,15,123,7,0,18,63,528,1364,507,1407,699,71,765,0,6,240,21,18,68,92,65,48,1,0,2,108,322,499,212,41,283,467,135,57,53,54,59,10.2,-21.17,-42.81,1.38,6.7,12.5,17.4,15.8,21.3,26,30.3,27.5,22.5,16.7,9.5,6.7,-4.9,-1.6,2,1.6,5.3,9.8,13,12.3,7.8,3.4,-1,-4.8,0.9,5.4,9.7,8.7,13.3,17.9,21.7,19.9,15.1,10,4.2,0.9,12,29,1,30,9,23,1,8,2,39,183,132,11.2,14.3,20.7,23.8,26.7,27.8,28.7,25,20.6,14,10.5,9.7,55,16,4,3,0,0,0,0,0,1,17,52,10,43,151,118,260,386,516,461,305,167,35,10,532,349,259,280,160,46,7,18,104,247,413,526,0,0,0,1,5,44,118,78,19,1,0,0,5,9,21,19,28,30,31,31,29,24,12,4,2,1,0,1,0,0,0,0,0,0,2,45,31,50,88,96,138,161,186,152,107,69,36,27,20,21,87,66,130,138,185,144,104,30,0,0,58,54,52,55,52,53,52,56,56,58,64,60,-0.33,-1.16,-7.97,-3.63,-9.57,-11.38,-17.67,-13.75,-10.65,-3.56,15.59,11.69
SBBG206106,34.4451,-119.7013,168.48,Year_1968.ann,15.3,19,10.7,8.3,297,4,85.4,5058.6,11,3781,1283,269,357,18,357,339,0,-4.7,38,1141,844,16.6,64,-67.37,1986,17.9,20.1,24.1,22.5,6.4,8.4,12.4,10.8,12.2,14.3,18.2,16.7,123,107,1,56,9.9,20.9,21.9,13.8,9,2,0,1,642,857,1218,1064,543,392,116,232,7,25,139,98,84,91,92,91,0,0,0,0,161,322,409,249,27,215,408,194,64,64,65,64,-6.32,-12.09,-28.39,-20.57,17.9,19.1,20.1,20,20.3,22.6,24.8,24.9,24.6,22.2,20.8,16.6,5.4,9.4,7.5,8,9.6,11.2,13.1,12.7,12.8,11,8.8,4.8,11.6,14.2,13.8,14,15,16.9,19,18.8,18.7,16.6,14.8,10.7,41,45,83,22,1,1,0,1,1,33,22,47,9.6,11.6,19.1,21.8,21.7,22.8,22.1,20.7,18.4,12.7,10.4,8.6,3,1,1,0,0,0,0,0,0,0,0,4,204,259,274,272,311,357,433,428,411,359,294,180,202,117,144,135,113,63,24,29,40,76,115,225,1,5,5,7,12,30,54,55,61,23,14,2,28,28,30,29,31,30,31,31,30,31,30,27,0,0,0,0,0,0,0,0,0,0,0,0,54,60,94,108,120,132,143,134,108,81,60,47,13,15,11,85,119,131,143,134,107,49,38,0,61,69,61,63,67,66,65,63,65,66,63,61,-2.73,-2.12,0.53,-5.36,-7.26,-8.54,-9.81,-10.03,-9.67,-5.12,-5.79,-1.48
UCSB002005,34.0122,-119.6941,20.34,Year_1960.ann,14.6,18.5,10.4,8.1,322,4,76.5,4453,13,3529,1476,198,354,24,349,325,1,-5.6,34.6,1124,842,16.5,64,-59.99,1755,17.7,19.6,23,21.8,5.9,8.2,11.9,9.5,11.8,13.9,17.5,15.6,190,54,1,87,10.2,20.5,21.4,13.6,10,2,0,1,585,826,1149,970,608,420,151,299,5,21,103,69,82,90,92,90,1,0,0,0,164,318,390,252,0,264,389,190,63,64,66,63,-1.56,-16.18,-25.66,-16.6,15.7,17,18.7,20.1,20.1,21.9,24.3,22.8,24.1,22.1,19.2,19.6,5.1,6,7.2,8.2,9.1,11.2,12.7,11.9,11.7,9.1,7.6,5.2,10.4,11.5,12.9,14.2,14.6,16.6,18.5,17.4,17.9,15.6,13.4,12.4,86,76,9,44,1,1,0,1,2,3,81,18,9.2,12.7,18.4,21.8,21.4,23.1,21.8,19.4,18.2,12.9,9.7,8.8,5,3,2,0,0,0,0,0,0,0,1,2,171,181,248,276,301,346,419,384,388,329,253,233,240,186,168,130,122,70,29,51,50,98,150,181,0,1,3,8,10,26,45,31,49,15,5,4,28,27,30,30,31,30,31,31,30,31,29,28,0,0,0,0,0,0,0,0,0,0,0,0,49,59,88,108,121,127,142,122,109,86,57,56,0,0,79,64,121,126,142,121,107,83,0,0,66,65,64,63,66,67,65,67,63,61,64,58,3.05,1.5,-5.88,-3.07,-7.22,-7.91,-9.42,-8.33,-9.36,-8.34,1.1,-6.1
UCSB002027,37.47039,-122.1678,9.63,Year_1959.ann,15.2,19.7,10.3,9.5,280,27,90.3,718.9,15,3768,1350,326,352,29,352,322,1,-8.6,38.2,1167,984,16.6,61,-76.81,2006,16.5,21.6,26.1,23.4,5.7,8.2,12.2,9.5,11.1,14.9,19.2,16.5,227,20,2,27,8.9,21.3,22.6,13.6,13,2,0,1,506,912,1306,1044,675,344,78,253,2,35,192,97,81,90,92,89,1,0,0,0,133,338,447,248,0,318,445,221,66,59,59,58,6.34,-23.66,-33.38,-26.1,15.4,15.4,20.6,22.3,21.9,25.4,26.8,26.2,24.8,24.9,20.5,16.5,6.2,5.1,6.9,8.5,9.1,11.2,12.6,12.8,11.7,10.8,6.1,4.3,10.8,10.3,13.7,15.4,15.5,18.3,19.7,19.5,18.2,17.8,13.3,10.4,98,107,11,8,1,0,0,1,24,1,2,25,8.1,11.2,19.3,22.7,21.8,24.5,22.7,20.7,18.1,13.2,9.5,7.4,4,4,1,0,0,0,0,0,0,0,1,4,182,152,272,313,328,399,456,451,397,397,250,173,229,213,146,99,99,40,17,21,46,54,152,233,0,0,5,14,15,51,71,70,53,38,5,1,29,25,30,30,31,30,31,31,30,31,28,26,0,0,0,0,0,0,0,0,0,0,0,0,40,49,91,116,131,150,158,139,106,87,56,44,0,0,81,108,130,150,158,138,82,85,54,0,70,67,58,58,61,58,59,61,61,58,56,61,4.61,5.34,-7.05,-8.14,-8.47,-10.74,-11.66,-10.98,-7.66,-10.33,-8.12,-3.61
US 2997401,37.1083,-121.985,290.62,Year_1953.ann,14.7,20,10.2,9.9,610,36,40.5,555.2,16,3559,1531,309,342,62,346,285,3,-8.2,37.3,1223,854,18,56,-55.47,1831,15.9,19.5,27.6,24,5.6,5.1,10,9.6,10.7,12.3,18.8,16.8,555,235,13,139,10.2,21.9,25.2,14.6,11,4,0,1,542,675,1269,1073,632,554,101,245,3,12,176,118,80,81,91,90,2,1,0,1,132,328,499,265,52,120,487,196,67,56,50,58,3.24,-0.8,-39.97,-17.95,16.6,17.1,17.5,18.6,22.4,25.1,30,27.6,27.9,25,19,16.9,7.2,3.2,3.9,4.9,6.4,8.6,10,11.3,12.2,8.3,8.3,4.6,11.9,10.2,10.7,11.8,14.4,16.9,20,19.5,20,16.6,13.7,10.7,177,6,97,116,21,8,1,3,2,18,120,41,8.9,13.4,19.4,23,23.3,27.5,25.7,22.5,20,14.4,9.6,8.2,3,4,3,1,0,0,0,0,0,0,1,4,211,150,179,202,294,356,465,448,451,361,261,182,195,215,229,196,128,64,15,22,27,75,143,223,1,0,1,2,9,30,78,68,88,24,6,2,31,22,26,27,29,30,31,31,30,30,30,27,0,0,0,0,0,0,0,0,0,0,1,1,42,57,83,103,141,156,189,153,123,92,49,32,0,52,0,0,120,148,188,150,121,75,0,0,70,57,57,58,53,52,45,53,55,51,67,75,11.91,-6.32,2.74,4.13,-7.67,-10.82,-16.15,-13,-13.11,-9.84,5,-2.35
CHSC075376,40.10194,-122.0472,106.29,Year_1997.ann,17.4,26.9,8,18.9,625,78,43.8,343,22,4559,1297,1051,344,42,334,292,4,-11.7,42.8,1337,1041,17.8,57,-80.13,2867,14.3,25.6,34.3,24.8,4.2,9.8,16.5,10.1,9.3,17.7,25.4,17.4,448,74,47,206,8.7,22.4,26,13.9,20,1,0,1,385,1169,1872,1132,812,221,7,258,1,177,685,188,72,91,92,90,4,0,0,0,112,391,578,257,38,317,531,156,67,54,51,57,14.96,-28.07,-53.39,-13.62,12.6,17.9,22,23.6,31.2,31.8,36.4,34.7,32,25,17.2,13,3.6,4.4,6.7,8.9,13.9,15.5,17.4,16.4,14.2,8.7,7.5,3,8.1,11.2,14.4,16.2,22.6,23.6,26.9,25.6,23.1,16.9,12.3,8,217,15,42,21,10,26,3,18,21,40,145,66,7.5,12,19.5,22.6,25.1,27.2,27,24,20.4,13.2,8.1,6.6,8,3,1,0,0,0,0,0,0,0,1,8,106,173,291,338,540,559,678,636,542,368,222,107,311,195,129,80,11,5,1,1,10,71,177,306,0,1,8,21,148,173,277,235,160,26,2,0,25,24,30,30,31,30,31,31,30,30,29,24,3,0,0,0,0,0,0,0,0,0,0,1,31,53,93,118,179,182,214,182,133,84,39,27,0,38,51,97,169,156,210,164,112,44,0,0,70,58,54,56,52,55,49,50,51,52,69,73,17.92,-5.47,-5.1,-7.87,-15.1,-13.65,-21.65,-18.09,-14.9,-7.29,8.57,2.51
DAV309017,38.25057,-121.5003,6.45,Year_1993.ann,16.4,23.4,7.5,15.9,553,28,47.7,833.1,26,4197,1367,749,343,44,345,301,5,-9.3,43.3,1292,1007,17.1,59,-70.5,2536,13.1,23.1,31.6,25.6,3.6,9.6,14.3,9.9,8.3,16.4,23,17.8,450,99,11,77,8.5,21,24.7,14.3,23,1,0,1,337,1048,1651,1162,862,254,15,236,1,84,466,199,71,92,92,88,5,0,0,0,112,356,546,278,0,256,535,215,69,59,52,54,24.02,-18.45,-48.1,-27.98,12.4,15.2,20.5,22.6,26.3,30.3,32.3,32.3,31.7,26.1,19,12.2,3.1,4.9,8.8,8.7,11.4,14.1,14.5,14.3,13,11.5,5.3,2.8,7.8,10.1,14.7,15.6,18.8,22.2,23.4,23.3,22.4,18.8,12.1,7.5,192,131,63,20,16,11,0,0,1,12,64,43,7.8,11,17.4,22.6,23,25.9,25.1,23.2,20.5,13.4,9,6.8,9,4,1,0,0,0,0,0,0,0,1,9,97,147,300,319,428,514,570,566,519,427,216,93,321,218,122,94,38,9,3,4,13,40,183,323,0,0,9,16,59,131,170,166,142,55,2,0,23,25,31,30,31,30,31,31,30,31,27,23,3,0,0,0,0,0,0,0,0,0,0,2,34,47,85,116,154,177,194,175,139,89,50,30,0,0,22,96,138,167,194,175,138,77,0,0,69,67,64,58,56,54,51,51,49,57,58,70,15.5,7.75,-1.27,-7.19,-9.99,-13.77,-17.18,-17.16,-16.75,-10.22,-1.01,0.78
DAV309037,38.33333,-121,65.09,Year_1996.ann,17.3,27.3,9,18.3,779,44,35,620.2,17,4507,1242,953,358,17,347,330,2,-8.5,44.8,1330,971,17.2,60,-57.01,2765,14.4,22.9,34.9,24.4,6.2,9.6,16.1,10.1,10.3,16.3,25.5,17.3,431,162,6,125,8.3,21,25.7,14,15,1,0,1,466,1038,1887,1116,721,267,7,247,2,87,700,163,85,91,92,90,2,0,0,0,111,352,605,263,0,189,598,184,73,60,49,58,35.35,-11.89,-60.48,-19.99,13,16.3,19.9,22.8,26.1,31.9,37,35.9,30.7,24.4,18.1,12.8,5,7.2,7.5,9.4,11.9,14.5,17.6,16.2,13.1,10.1,7.3,6.4,9,11.8,13.7,16.1,19,23.2,27.3,26.1,21.9,17.2,12.7,9.6,135,150,69,57,36,5,1,1,2,32,92,200,7.9,10.1,18,22,23,25.3,27.4,24.6,20.2,13,8.6,6.7,7,3,1,0,0,0,0,0,0,0,1,5,131,185,271,333,433,546,689,652,505,379,232,149,283,180,147,83,36,6,0,1,15,64,169,259,0,1,5,20,62,161,288,251,130,30,3,1,28,28,30,30,31,30,31,31,30,31,29,30,1,0,0,0,0,0,0,0,0,0,0,0,33,47,85,115,151,189,221,195,133,84,45,31,0,0,16,58,115,184,220,195,132,52,0,0,74,71,62,60,58,52,49,48,51,58,66,75,9.58,9.54,-0.67,-3.46,-7.75,-16.29,-22.63,-21.56,-15.56,-7.14,2.7,16.23
DAV309065,38.55719,-121.7126,11.78,Year_1989.ann,16.1,24.4,7.3,17.1,316,61,82.5,402.3,30,4091,1455,726,330,60,332,272,2,-9.9,40.6,1337,1036,17.6,55,-101.17,2464,13.5,23.5,33,25.1,2.2,9.1,13.5,9,7.9,16.3,23.2,17,156,135,10,114,8.9,21.2,26,14.2,27,2,0,1,281,1040,1675,1095,925,272,14,244,0,97,489,139,59,91,92,88,1,0,0,0,117,368,582,270,28,280,572,156,63,57,47,53,-7.2,-16.77,-54.43,-22.76,12.9,14.2,18,25.3,27.2,31.2,35,32.8,29.6,25,20.5,13.6,1.6,2.2,7.3,9.7,10.4,13.5,13.7,13.2,12,9.4,5.6,1.7,7.3,8.2,12.6,17.5,18.8,22.4,24.4,23,20.8,17.2,13.1,7.7,24,31,122,10,2,8,0,2,48,37,28,1,7.8,11.9,16.6,23.5,23.6,27.6,26.8,23.6,19.9,13.3,9.3,6.9,11,7,2,0,0,0,0,0,0,0,1,9,84,99,239,375,427,520,599,556,474,378,243,97,337,270,176,57,39,8,2,4,21,64,159,318,0,0,2,37,58,136,198,155,105,30,4,0,19,19,30,30,31,30,31,31,30,31,27,20,0,0,0,0,0,0,0,0,0,0,0,1,37,47,76,129,163,186,215,181,129,87,53,33,12,16,0,119,161,178,215,179,81,50,25,0,63,61,66,54,52,51,44,47,50,54,55,66,-1.51,-1.52,5.89,-10.09,-12.58,-15.41,-20.98,-18.04,-9.98,-7.25,-5.53,-4.17
DAV314972,38.49167,-122.1492,168.92,Year_2001.ann,16.5,24.2,8.1,16.1,802,13,33.1,1879,24,4254,1415,864,340,57,342,285,3,-10.1,45.8,1328,1042,17.9,58,-52.81,2587,14.6,23.6,32.5,25.1,3.1,8.3,14.9,10.7,8.9,16,23.7,17.9,333,88,5,151,8.9,22.6,25.9,14.4,21,2,0,1,346,1013,1719,1176,849,338,11,218,1,136,533,195,70,88,92,90,3,0,0,0,122,378,560,268,0,289,555,198,63,55,51,58,42.39,-23.42,-52.41,-19.38,14.2,14.3,20.4,20,30.6,31.7,32.5,33.5,30.6,26.8,18,12.7,2,3.2,6.7,5.3,12.8,14.4,15.3,14.9,13.3,11.2,7.6,4.8,8.1,8.8,13.6,12.6,21.7,23,23.9,24.2,22,19,12.8,8.8,122,189,60,27,1,4,0,1,7,18,125,247,8.2,11.4,19,23.3,25.5,28,25.5,24.1,20.4,14.1,8.8,7,8,6,1,1,0,0,0,0,0,0,1,7,106,113,267,231,514,540,585,593,508,433,236,127,311,255,150,172,15,6,2,2,14,38,165,283,0,0,5,4,128,155,184,193,132,59,3,1,21,22,30,27,31,30,31,31,30,31,29,28,1,1,0,0,0,0,0,0,0,0,0,0,39,47,89,108,181,187,192,181,132,92,44,37,0,0,29,81,180,184,191,180,125,73,0,0,61,64,58,55,51,52,53,49,52,55,67,64,7.43,14.11,-2.16,-5.46,-15.81,-16.36,-17.33,-18.72,-14.97,-10.5,6.1,20.86
DAV314984,35.71395,-118.5874,1427.24,Year_1984.ann,11,21.8,1.9,20,542,34,38.7,643.3,108,2475,2869,307,244,119,296,177,22,-21.5,37.7,1127,849,19.3,57,-41.79,1348,10.8,16.7,27.1,17.6,-1.4,2.5,11.9,4.2,4.7,9.6,19.5,10.9,229,98,22,205,11.9,23.2,26.7,15.5,80,15,0,13,90,460,1337,588,1273,792,96,707,0,12,236,59,27,61,92,64,10,4,0,9,120,305,477,225,38,207,454,150,59,56,56,58,13.04,-11.43,-40.54,-2.87,11,11.7,13.6,13.5,22.8,24.1,29.3,27.8,26.1,15.3,11.3,6.9,-0.8,-2.6,0.5,0.1,6.9,8.5,14.4,13,11,1.9,-0.2,-3.1,5.1,4.5,7.1,6.8,14.8,16.3,21.8,20.4,18.5,8.6,5.6,1.9,6,43,33,59,6,8,4,10,5,31,169,168,11.5,14.6,19.1,23.3,27.2,27.5,27.6,25,21.8,13.6,11,9.7,19,20,9,6,0,0,0,0,0,2,11,41,44,32,78,74,308,338,522,477,406,129,53,14,403,373,341,336,116,76,6,14,42,292,373,497,0,0,0,0,11,24,123,90,58,1,0,0,13,7,16,15,30,30,31,31,30,20,14,7,0,2,1,3,0,0,0,0,0,0,9,7,39,49,73,87,145,151,174,152,119,66,40,32,32,6,41,28,138,143,169,142,114,36,0,0,60,53,58,57,53,54,57,57,56,57,62,65,-2.78,0.68,-1.7,1.01,-10.75,-11.38,-15.52,-13.64,-12.94,-3.21,13.28,15.14
HSC201132,39.82077,-123.2024,423.36,Year_1982.ann,13,22.1,4.3,17.8,1406,54,16.4,408.1,61,3068,2224,400,271,124,298,174,18,-17.3,46.1,1314,844,19,48,6.23,1680,12.9,20.5,32.4,23.1,0.5,3,9.1,4.5,6.7,11.7,20.7,13.8,609,357,19,440,9.5,23.1,28.8,14.8,48,8,0,5,174,631,1449,813,1095,610,50,468,0,23,300,77,38,69,91,73,13,2,0,2,111,349,591,262,0,164,572,108,60,49,38,47,47.53,7.18,-58.11,9.62,10.9,15.2,14.6,19.6,27.2,29.1,33.7,34.4,30.3,23.9,15,11.1,-2.3,0.5,1.6,2.2,5.3,8,9.5,9.8,7.9,4.7,0.8,-0.3,4.3,7.9,8.1,10.9,16.2,18.6,21.6,22.1,19.1,14.3,7.9,5.4,181,150,217,133,7,16,1,2,28,129,283,258,8.3,12.9,18.1,25.2,26,32.2,28.4,25.9,21.3,14,8.9,7.2,24,8,7,1,0,0,0,0,0,0,5,17,33,91,104,177,350,406,514,529,422,291,100,50,428,280,309,220,82,36,7,7,36,130,303,388,0,0,0,2,21,56,117,128,68,9,0,0,9,15,20,21,28,29,31,31,29,27,17,14,9,1,2,1,0,0,0,0,0,0,2,2,33,49,69,109,171,183,213,195,136,85,41,29,0,0,0,0,164,167,212,193,108,0,0,0,56,54,58,48,39,42,37,36,40,45,55,70,15.24,9.58,16.57,4.54,-13.93,-14.5,-21.43,-22.17,-14.61,1.3,22.93,22.72
HSC201133,39.07,-122.5086,544.03,Year_1988.ann,15.4,26.2,7.3,18.9,577,40,44.1,658.1,30,3866,1676,730,323,79,330,250,8,-13.4,40.2,1268,1043,18.5,56,-76.18,2253,13.6,20.8,32.3,24.1,2.4,5.9,14.8,9.1,8,13.3,23.6,16.6,426,94,12,137,10,22.3,26.7,15.1,24,3,0,3,329,771,1707,1059,873,468,22,313,1,20,535,174,60,83,92,87,7,0,0,1,117,333,553,265,41,239,541,222,64,55,52,56,17.29,-17.61,-53.7,-22.15,12.4,18.1,19.4,19.8,23.1,28.1,35.7,33.1,31.7,26.2,14.4,13.4,2.2,2.5,3.7,6.2,7.7,12.5,16.7,15.2,12.2,9.9,5.1,1.5,7.3,10.3,11.6,13,15.4,20.3,26.2,24.2,21.9,18.1,9.8,7.4,183,17,14,54,27,11,0,1,1,5,131,134,8.8,13.5,20.3,22.3,24.2,26.6,28.6,24.9,21.7,14.8,8.8,7.9,11,4,2,1,0,0,0,0,0,0,3,10,85,153,205,242,324,459,655,593,507,404,148,91,336,211,204,163,102,19,1,2,14,50,248,326,0,0,1,4,15,88,254,192,131,42,0,0,21,20,25,28,30,30,31,31,30,31,26,19,3,0,0,0,0,0,0,0,0,0,1,4,34,57,88,104,141,165,211,177,138,90,37,26,0,41,74,51,114,154,211,176,138,85,0,0,67,52,52,58,54,55,49,51,47,53,70,74,14.42,-6.15,-7.12,-2.81,-7.67,-12.66,-22.13,-18.92,-18.04,-12.15,8.03,9.02
JEPS116539,38.6546,-122.4734,217.8,Year_1988.ann,15.5,24.8,7.9,16.8,684,35,37.2,711.4,25,3854,1565,607,327,73,327,254,7,-13,39.6,1296,1047,18.2,54,-62.99,2186,14.8,21.7,31.7,24,2.7,6.3,13.5,8.3,8.8,14,22.6,16.2,527,100,12,149,9.9,22.3,26,14.5,20,2,0,2,381,834,1617,1022,818,414,26,307,1,26,447,133,63,85,92,87,6,0,0,1,128,349,552,267,41,249,540,217,62,54,50,54,24.79,-17.99,-50.5,-19.29,13.5,19.3,20.7,20.8,23.7,28.3,34.6,32.1,30.5,25.7,15.9,14.3,2.3,3,4.4,6.7,7.7,12,15,13.6,10.8,8.9,5.3,1.8,7.9,11.1,12.5,13.7,15.7,20.1,24.8,22.8,20.7,17.3,10.6,8.1,234,20,14,65,21,12,0,1,1,8,141,168,8.3,13.9,20.8,22.8,23.3,27.2,27.1,23.8,20.8,14.1,8.5,7.4,9,3,2,0,0,0,0,0,0,0,2,8,101,172,237,263,334,453,612,552,469,381,172,107,316,196,178,143,94,20,2,5,22,63,223,306,0,1,2,6,17,85,211,151,101,31,1,0,21,21,27,29,30,30,31,31,30,31,27,20,3,0,0,0,0,0,0,0,0,0,1,3,37,61,94,110,146,168,209,175,136,90,41,29,0,41,80,45,124,157,209,174,135,82,0,0,63,51,51,57,53,53,47,49,46,51,66,71,19.01,-6.23,-7.54,-2.03,-8.42,-12.52,-20.46,-17.52,-16.43,-11.23,8.37,12.02
OBI112580,35.25729,-120.2648,540.29,Year_1982.ann,15.4,24.4,7.7,16.8,926,45,27.5,545.7,26,3844,1603,648,333,63,341,278,3,-9.5,44.1,1285,800,18.4,59,-28.67,2199,15.5,19.8,30.5,23.7,3.5,6.9,14.5,10,9.5,13.3,22.5,16.8,241,359,5,282,10.7,21.7,25.8,15.3,20,4,0,2,378,774,1612,1081,815,479,29,280,1,35,446,166,67,86,92,88,2,1,0,0,147,333,531,274,2,147,526,126,61,60,55,59,11.68,11,-47.42,-3.94,13.8,16.6,15.2,19.9,24.4,27.2,31.9,32.4,29.1,25.2,16.7,14.4,1.5,4.4,4.7,6.1,9.8,12.3,14.9,16.5,14.3,10.4,5.3,3.1,7.7,10.5,10,13,17.1,19.7,23.4,24.4,21.7,17.8,11,8.7,136,56,235,122,2,3,0,2,38,60,184,87,10.1,13.1,17.1,23.4,24.5,26.1,26.8,24.6,20.8,15,10.3,9,10,4,4,1,0,0,0,0,0,0,2,7,94,158,158,242,374,441,570,601,501,397,183,126,324,206,251,162,65,24,3,2,15,54,211,285,0,0,0,4,30,77,169,200,127,38,1,1,19,24,27,28,31,30,31,31,30,31,27,24,2,0,1,0,0,0,0,0,0,0,0,0,45,58,74,111,148,163,193,175,129,94,50,44,0,2,0,0,147,160,193,173,91,35,0,0,60,61,66,57,57,57,53,56,58,57,64,63,8.96,-0.94,17.92,3.82,-10.74,-12.6,-17.53,-17.29,-10.43,-5.51,12,3.66
RSA0081223,34.834,-118.802,1352.94,Year_2007.ann,14.4,24.9,4.8,20.1,183,19,133.8,1299.8,54,3570,1943,632,308,93,316,223,2,-13.8,43.8,1312,1129,20.2,57,-112,2069,12,20.8,31.9,22.4,0.6,5.9,15,8.2,6.3,13.3,23.5,15.3,115,29,3,34,11.4,23.8,28.6,16.9,49,3,0,1,160,773,1698,939,1110,470,18,344,0,26,519,87,45,84,92,86,2,0,0,0,128,357,560,267,12,328,557,232,63,55,53,57,1.03,-27.02,-56.88,-29.13,10.8,12.6,18,19.5,24.8,29.4,33.2,33.1,27.3,21.8,18.1,10,-0.9,1.9,4.5,5.4,7.8,12.4,16.5,16.1,11.6,7.6,5.4,-0.3,5,7.3,11.2,12.4,16.3,20.9,24.9,24.6,19.5,14.7,11.7,4.8,28,64,12,16,1,1,1,1,15,9,11,24,11.6,12.4,19.7,23.6,28.1,28.6,29.8,27.2,22.3,15.7,12.6,10.1,20,9,3,1,0,0,0,0,0,0,1,19,41,78,196,226,351,477,615,606,433,302,203,41,408,296,212,178,81,15,1,2,32,120,193,406,0,0,1,3,22,100,214,205,75,10,1,0,13,19,27,27,30,30,31,31,30,30,27,14,1,1,0,0,0,0,0,0,0,0,0,0,40,49,89,111,158,180,198,182,126,85,55,40,12,0,77,95,156,179,198,181,112,77,44,0,61,65,58,57,50,52,54,53,55,57,60,62,-0.48,2.03,-6.84,-7.33,-12.85,-16.63,-20.19,-20.06,-12.97,-9.31,-6.85,-0.52
SBBG205496,35.848,-121.186,331.94,Year_1994.ann,14.5,21.8,8,13.8,541,44,45.3,496,25,3535,1674,399,308,92,316,224,2,-12.5,48.5,1419,1045,19.3,48,-85.51,1881,17.1,22.5,31.3,23.9,1.9,5.4,9.7,5.4,9.5,13.9,20.5,14.7,284,96,2,141,10.7,24,27,15.5,19,2,0,4,396,827,1423,889,796,421,48,408,1,25,277,97,58,83,91,75,1,0,0,0,160,381,582,296,0,285,581,179,53,50,42,47,10.93,-21.11,-54.02,-21.31,18.5,16.1,20.7,21.9,24.7,30.2,30.3,33.3,30.1,25.4,16.2,14.8,1.8,2.4,4.3,5,6.8,8.5,10.2,10.2,9.4,5.7,1.1,1.2,10.1,9.3,12.5,13.4,15.8,19.4,20.3,21.8,19.8,15.6,8.7,8,73,169,34,42,19,1,1,0,23,42,76,60,9.8,13.9,21.8,25.7,24.4,29.4,26.1,25.4,21.4,15.2,9.9,8.5,5,6,2,0,0,0,0,0,0,0,4,8,164,126,236,255,335,430,473,519,442,329,118,106,248,241,178,150,93,27,13,8,29,98,281,307,0,0,2,6,17,70,85,122,82,15,0,0,20,20,27,27,29,30,31,31,29,28,18,18,0,1,0,0,0,0,0,0,0,0,0,0,56,57,100,124,158,193,193,196,143,101,51,47,0,0,66,82,138,193,192,196,120,59,0,0,49,57,51,50,48,41,45,39,43,44,53,53,-0.7,10.77,-5.66,-5.63,-9.82,-16.93,-16.6,-20.48,-14.34,-8.44,1.47,0.85
UCR0068262,34.8195,-118.9473,1434.02,Year_2007.ann,13.2,23.1,4.1,19,189,18,123,1305.9,65,3167,2192,450,290,109,307,198,4,-16.5,41.4,1266,1079,20.2,56,-102.51,1736,11.7,19.8,30.1,21.2,-0.4,4.7,13.4,6.8,5.6,12.2,21.8,14,119,29,4,34,11.7,24,28.3,16.8,59,5,0,2,125,674,1543,824,1176,557,34,426,0,15,380,54,36,79,92,83,3,0,0,0,128,347,534,256,7,318,531,222,60,54,53,56,2.3,-25.86,-51.78,-27.17,10.5,12.1,17.5,18.2,23.8,28.2,31.3,30.8,25.5,20.5,17.7,9.7,-1.9,0.7,3.3,4.3,6.4,10.9,14.9,14.5,10.3,6.1,3.9,-1.4,4.3,6.4,10.4,11.2,15.1,19.5,23.1,22.7,17.9,13.3,10.8,4.1,33,63,11,17,1,1,1,1,13,10,11,26,11.8,12.9,20.2,23.6,28.1,29.1,29.2,26.6,21.9,15.5,12.9,10.3,24,12,3,1,0,0,0,0,0,0,2,23,33,59,171,187,316,435,561,547,387,260,177,33,428,321,238,210,109,26,3,5,51,158,217,427,0,0,1,2,13,73,160,147,48,5,1,0,10,15,24,26,29,30,31,31,30,29,24,11,2,1,0,0,0,0,0,0,0,0,0,0,40,48,88,106,154,175,189,171,119,82,55,40,7,0,77,89,152,174,187,169,106,72,44,0,58,63,56,57,49,51,54,54,56,56,57,59,0.15,2.29,-6.89,-6.64,-12.33,-15.77,-18.26,-17.75,-11.69,-8.54,-6.94,-0.14
UCR0068268,34.87361,-118.915,1306.8,Year_2005.ann,14.1,25.1,7.1,18,454,39,53.1,637.6,36,3384,1955,526,325,81,324,244,6,-13.7,40.6,1228,938,19.4,60,-74.23,1855,11.7,18.2,30.3,21.9,2.5,5,14.1,8.1,7.1,11.6,22.2,15,373,104,3,65,10.9,22.6,27.6,16.6,28,7,0,1,274,616,1583,912,934,616,52,353,1,16,441,69,67,79,92,87,5,0,0,0,118,319,532,260,0,215,529,195,70,59,54,58,15.76,-13.85,-51.61,-24.52,11.6,11.3,14.5,17.2,22.9,25.7,33.4,31.8,26.3,21.4,18,13.8,2.8,3,3.3,3.6,7.9,9.9,16.9,15.5,10.6,8,5.7,3,7.2,7.1,8.9,10.4,15.4,17.8,25.1,23.6,18.5,14.7,11.9,8.4,133,124,45,30,28,1,1,1,8,46,11,25,11.5,10.8,17.8,23.3,26.8,26.6,29.7,26.5,21.9,15.4,12.4,10.5,11,10,5,1,0,0,0,0,0,0,1,7,83,75,126,165,324,384,623,577,404,302,207,116,339,300,284,230,102,47,1,3,43,120,189,295,0,0,0,1,15,43,222,176,57,10,2,0,23,21,24,24,30,30,31,31,30,30,27,23,2,2,0,0,0,0,0,0,0,0,0,2,38,42,74,101,143,159,199,174,123,83,54,38,0,0,29,71,115,158,198,173,115,37,43,0,71,72,64,58,55,54,54,55,55,59,62,65,9.59,8.76,-1.09,-4.61,-8.16,-13.04,-20.19,-18.37,-12.74,-5.15,-6.63,-2.59
UCR0068276,34.00722,-117.8467,161.41,Year_1997.ann,19.1,25.3,13,12.3,323,23,90,1114.5,6,5142,695,1058,364,3,361,359,0,-1.7,48.1,1436,1231,18.6,59,-109.79,3300,19.7,26.3,30.5,28.1,7.8,11.9,15.7,13.4,13.8,19.1,23.1,20.7,254,6,2,81,10.9,22.9,24.6,15.8,6,0,0,0,760,1292,1665,1425,445,129,20,101,13,216,486,343,89,92,92,91,0,0,0,0,177,415,523,321,61,409,521,240,63,58,58,58,0.8,-34.41,-44.69,-31.49,18.3,21.1,25.4,24.4,29.1,27.1,31,33.4,32.9,27.6,23.7,19.5,7.7,7.6,10.1,10.3,15.2,14.8,15.2,17.1,17.3,12.6,10.2,6.4,13,14.3,17.8,17.4,22.2,20.9,23.1,25.3,25.1,20.1,17,13,137,10,3,2,1,1,0,0,20,2,59,87,9.6,14,21.1,23.3,24.2,25,25,23.9,20.9,15.1,11.3,9.1,2,1,0,0,0,0,0,0,0,0,0,2,250,261,394,370,528,477,560,628,601,467,358,249,164,115,57,60,13,15,3,1,5,27,69,167,2,5,43,34,139,99,160,227,214,85,44,5,31,28,31,30,31,30,31,31,30,31,30,30,0,0,0,0,0,0,0,0,0,0,0,0,53,72,117,130,168,153,186,183,147,105,69,53,0,61,114,128,166,152,186,183,127,103,10,0,67,59,55,58,60,64,55,55,57,57,59,64,7.14,-7.45,-10.99,-10.2,-13.22,-11.27,-15.6,-17.83,-15.1,-12.44,-3.94,1.1
UCR0068293,38.29167,-121.0833,43.48,Year_1990.ann,16.3,25.7,5.5,20.3,280,34,93.8,758.7,34,4186,1480,829,328,60,336,276,2,-9.3,41.1,1316,1082,17.4,57,-101.13,2578,13.7,23,32.6,25.9,2.5,9.1,15.1,9.9,8.1,16,23.9,17.9,139,87,2,26,8.9,21.3,24.9,14.5,32,2,0,1,262,1015,1735,1175,961,276,14,230,0,72,550,206,58,91,92,87,1,0,0,0,119,355,562,280,0,269,560,254,64,58,52,54,4.62,-19.83,-52.25,-33.67,13.4,14.4,19.9,24.3,24.8,30.4,34.7,32.8,30.9,27.4,19.3,10.9,2.8,2.5,6.8,9.7,10.7,13.2,16.8,15.3,13.7,11,5.1,0,8.1,8.4,13.4,17,17.8,21.8,25.7,24.1,22.3,19.2,12.2,5.5,70,68,32,24,31,1,1,1,1,7,17,28,7.9,11.9,18.5,22.9,22.6,25.2,26.1,23.3,20.1,14.2,9.2,6.8,8,7,1,0,0,0,0,0,0,0,1,16,106,105,261,359,395,503,641,590,518,439,217,51,310,264,156,66,53,10,1,2,13,35,182,386,0,0,4,29,39,120,240,190,140,64,2,0,23,20,30,30,31,30,31,31,30,31,26,15,1,0,0,0,0,0,0,0,0,0,0,0,37,48,87,124,145,181,205,176,133,95,51,34,0,0,55,100,114,180,204,175,132,88,34,0,65,62,59,57,58,52,51,52,52,53,56,64,2.79,2,-4.54,-7.92,-7.37,-15.24,-19.48,-17.53,-15.6,-12.11,-5.97,-0.17
UCR0068299,39.14611,-121.9303,15.3,Year_2008.ann,17.1,26.3,6.4,20,343,5,79,5309,33,4465,1421,1059,335,61,334,272,4,-10,46.7,1387,1201,18,55,-111.26,2842,12.7,24.8,35.2,26.5,3,8.2,16.1,10.4,7.9,16.5,25.7,18.5,285,12,2,65,8.5,23,26,14.4,30,2,0,1,283,1058,1899,1225,935,280,5,201,1,125,711,222,65,88,92,90,4,0,0,0,107,391,606,283,0,379,605,217,68,52,49,54,14.65,-32.69,-61.41,-31.81,10.3,16,20.8,24.2,29.3,33.8,35.9,36,33.2,26.8,19.7,11.4,2.7,4.2,5.6,6.6,12.5,15.3,16.8,16.3,13.9,10.1,7.3,1.3,6.5,10.1,13.2,15.4,20.9,24.5,26.3,26.1,23.5,18.4,13.5,6.4,151,71,6,3,3,1,0,0,1,25,40,42,7.6,11.5,19.8,25,24.1,27.2,26.6,24.4,20.7,13.8,8.7,6.5,13,4,1,0,0,0,0,0,0,0,1,13,68,148,255,312,490,585,660,654,554,415,256,68,360,217,161,100,19,3,1,1,8,45,147,357,0,0,4,14,107,199,259,253,168,48,6,0,22,24,29,29,31,30,31,31,30,31,29,19,3,0,0,0,0,0,0,0,0,0,0,1,28,49,91,128,171,199,213,194,143,91,48,30,0,0,85,125,169,199,213,193,142,67,8,0,74,62,54,49,52,50,49,48,48,52,62,68,12.38,1.26,-7.93,-10.7,-14.06,-18.68,-21.19,-21.54,-18.43,-9.95,-3.44,1.01
UCR0068311,39.18639,-121.7883,61.42,Year_2007.ann,16.9,25.9,7.1,18.8,339,26,79.2,1007.6,26,4377,1349,920,336,55,330,274,1,-10.5,45.7,1361,1158,17.8,55,-106.17,2710,14.2,25.6,34.4,24.4,2.9,9.2,15.7,9.2,8.5,17.4,25,16.8,224,58,4,60,8.4,22.8,26.1,13.8,25,1,0,1,325,1138,1842,1073,878,207,7,257,1,134,655,130,64,91,92,88,1,0,0,0,117,397,592,256,36,339,587,196,64,52,49,55,8.22,-29.41,-58.55,-26.43,14.2,15.5,23.4,24,29.2,32.9,35.2,35.2,29.4,22.8,20.8,11.9,0.9,5,7.5,8.1,12,14.5,16.6,15.9,12.4,8.9,6.4,2.3,7.5,10.2,15.5,16.1,20.6,23.7,25.9,25.5,20.9,15.9,13.6,7.1,3,134,10,38,9,3,2,0,12,33,15,81,7.8,10.7,20.2,23.8,24.4,27.6,26.4,24.2,19.7,12.4,9.3,6.6,10,4,1,0,0,0,0,0,0,0,1,11,90,151,325,332,481,560,647,635,476,337,259,83,329,213,101,84,21,5,1,1,20,92,145,336,0,0,15,20,100,175,246,234,107,17,6,0,17,25,31,29,31,30,31,31,30,30,28,22,0,0,0,0,0,0,0,0,0,0,0,1,39,47,100,124,172,195,208,189,126,77,52,31,36,0,90,86,163,192,207,188,114,44,37,0,57,66,53,53,51,50,50,48,52,58,56,67,-4.32,7.9,-9.18,-6.7,-13.53,-17.7,-20.27,-20.57,-13.39,-6.05,-7,4.64
UCSB002001,34.6819,-120.4358,87.54,Year_1983.ann,15,19.5,11.5,8,787,20,31.8,968.9,11,3668,1395,258,357,21,361,340,1,-6.9,39.9,1111,685,16.4,64,-15.51,1880,18.2,18.8,22.8,23.3,5.8,7.9,12.1,10.9,12,13.4,17.5,17.1,376,262,5,98,10.1,19.9,21.7,14.1,8,2,0,1,640,780,1148,1101,549,463,157,226,5,18,109,126,85,90,92,90,1,0,0,0,165,304,381,260,0,133,376,176,61,66,67,63,21.74,5.74,-24.92,-18.07,19.1,18,17.7,18.2,20.7,20.9,22.6,24.9,25.5,25,19.3,17.5,5.5,7.1,7.9,6.9,9,11,11.8,13.5,13.5,11.3,7.8,5.5,12.3,12.5,12.8,12.5,14.8,15.9,17.2,19.2,19.5,18.2,13.6,11.5,165,159,170,84,8,1,0,5,7,21,70,98,9.4,12.4,16.7,21.3,21.7,23.7,21.3,20.2,18.5,13.8,9.8,8.4,3,2,2,1,0,0,0,0,0,0,1,3,228,211,244,228,307,327,380,441,435,407,258,200,183,159,171,175,117,83,49,24,31,49,146,207,1,2,3,4,11,20,26,63,76,44,6,2,28,28,31,29,31,30,31,31,30,31,29,29,0,0,0,0,0,0,0,0,0,0,0,0,57,60,79,99,125,120,131,130,111,93,56,49,0,0,0,16,118,119,131,126,104,72,0,0,58,66,69,65,64,69,67,66,64,60,64,60,8.99,9.46,10.98,1.76,-7,-7.29,-8.38,-9.25,-9.55,-8.42,-0.1,3.29
OBI188258,35.19131,-120.4574,164.22,Year_2022.ann,16.2,22.1,10.6,11.5,375,27,69.9,827,12,4102,1208,518,340,56,345,289,1,-10,42.7,1359,1111,18.7,54,-92.83,2313,19.3,23.1,28.1,25.9,4,6.9,13,9.3,11.7,15,20.5,17.6,233,103,3,74,11.3,23.4,24.6,15.5,9,2,0,1,605,920,1429,1148,581,340,44,243,4,39,280,195,76,87,92,85,1,0,0,0,180,385,490,304,111,282,488,230,54,52,57,52,-4.21,-20.18,-38.86,-29.58,19.8,21.2,21.5,23.2,24.5,27.6,27.5,29,30.1,27.8,19.9,16.4,4.5,3.3,5.5,6.9,8.2,12,13.2,13.8,14.2,10,3.7,4.8,12.1,12.3,13.5,15.1,16.3,19.8,20.4,21.4,22.1,18.9,11.8,10.6,13,9,72,30,1,1,1,1,23,1,50,174,9.5,16,21.7,25.2,23.5,27.8,23.4,22.5,20.5,15.5,10.5,8.4,3,2,1,0,0,0,0,0,0,0,1,4,223,204,265,303,353,444,477,508,513,430,205,179,188,166,152,107,80,23,13,9,13,39,191,226,1,1,4,12,22,79,88,114,137,57,2,1,27,22,28,29,30,30,31,31,30,31,24,28,0,0,0,0,0,0,0,0,0,0,0,1,59,74,103,129,154,167,164,159,135,107,61,47,46,65,32,99,152,166,163,158,112,106,11,0,53,47,52,52,52,55,58,56,55,49,51,60,-6.97,-8.54,-2.08,-7.24,-10.86,-12.84,-12.3,-13.72,-12.53,-13.57,-3.48,11.29
CHSC110543,40.66111,-122.3081,196.79,Year_2012.ann,17.8,29.1,7.1,22,1432,76,19.4,380.8,25,4694,1375,1278,342,45,343,298,4,-9.9,52.7,1341,888,17.6,58,-7.68,3020,16.4,22.2,35.7,27.4,3.7,8.8,17.7,12,10,15.5,26.7,19.7,345,468,41,274,8.5,20.7,26.6,14.6,20,4,0,1,393,968,1993,1340,801,367,6,201,1,127,807,344,72,88,92,90,2,1,0,1,122,343,595,281,0,135,554,198,60,60,51,56,49.46,17.84,-59.87,-15.11,15.5,17,15.3,21.8,29.6,31.4,36.8,38.9,36.9,27.5,17.9,11.4,3.4,4.6,5,8.7,12.7,15.2,18.5,19.3,16.8,11.9,7.5,2.8,9.4,10.8,10.1,15.2,21.1,23.3,27.6,29.1,26.8,19.7,12.7,7.1,215,96,303,130,35,37,1,2,1,41,232,337,7.7,11.3,15.7,21.4,24.9,26.9,27.2,25.5,21.7,13.8,8.3,6.4,6,4,4,0,0,0,0,0,0,0,1,10,143,165,163,308,497,548,700,745,653,454,232,84,270,197,246,103,18,6,0,0,3,30,168,334,0,1,0,13,113,163,299,345,266,75,3,0,24,25,28,30,31,30,31,31,30,31,29,23,1,0,1,0,0,0,0,0,0,0,1,0,37,49,65,107,170,180,212,203,153,87,40,36,0,0,0,0,135,143,211,200,153,46,0,0,62,61,67,60,52,54,51,49,47,55,67,57,15.85,3.14,24.83,4.33,-11.33,-12.45,-22.17,-25.25,-23.24,-8.68,16.8,30.47
DAV314968,38.92083,-122.6231,406.73,Year_2014.ann,16,24.8,8.5,16.3,944,35,27.6,712.3,21,4058,1437,700,333,67,331,264,2,-15.8,42.5,1350,970,18.6,53,-47.92,2356,16.9,22.6,32.8,24.9,1.6,6.5,13.9,8.4,9.3,14.5,23.4,16.6,245,191,4,200,9.5,22.9,27,15.1,17,3,0,2,429,880,1691,1058,755,386,15,281,1,50,506,144,69,86,92,86,1,0,0,0,140,365,573,272,35,211,570,154,53,52,48,52,36.57,-11.77,-56.27,-16.44,19.5,15.3,18.6,22.1,26.9,31,34.4,33.2,30.5,25.9,18.2,12.9,2.6,2.9,4.8,6,8.8,12.5,15.3,14,11.5,8.9,4.7,4.1,11,9.1,11.7,14.1,17.8,21.7,24.8,23.6,21,17.4,11.4,8.5,15,208,120,66,5,1,1,2,26,44,130,326,9.1,12,19,24.2,25.4,28.8,27.6,24.8,21.1,14.5,9.6,7.4,4,6,2,0,0,0,0,0,0,0,1,7,188,122,209,273,398,501,614,576,481,384,194,120,217,246,200,133,52,11,1,3,19,61,201,292,0,0,1,8,41,118,213,175,110,32,1,0,22,21,27,28,30,30,31,31,30,30,26,26,0,1,0,0,0,0,0,0,0,0,0,0,51,49,83,118,164,187,206,181,134,90,47,40,35,0,0,51,159,186,205,179,108,46,0,0,49,60,57,52,48,49,49,48,47,51,58,49,-7.04,15.15,4.39,-3.18,-12.98,-16.86,-20.34,-19.07,-14.07,-8.02,5.65,28.45
DAV314989,34.98754,-118.619,1752.32,Year_2017.ann,13.4,24.1,3.6,20.5,480,40,48.8,608.4,62,3223,2185,517,316,96,323,227,26,-15.8,37.9,1075,875,18.8,67,-53.74,1803,8,17,28.7,20,1.4,4.7,16.4,9.6,4.7,10.9,22.5,14.8,531,74,14,22,10.7,22.4,26,16.2,53,7,0,2,164,552,1611,895,1117,673,25,371,0,8,438,70,57,79,92,89,25,0,0,1,90,297,466,222,0,223,452,200,77,61,64,68,27.82,-15.2,-42.64,-23.73,6.6,8.9,14.3,16.3,20.3,27.3,30.2,28.5,23.7,20.7,15.6,13,0.5,2.5,3,4.1,7.1,13.5,17.9,17.7,13.6,8.7,6.6,1.9,3.6,5.7,8.6,10.2,13.7,20.4,24.1,23.1,18.6,14.7,11.1,7.4,221,147,32,31,11,2,1,10,15,1,7,1,11.7,9.4,17.9,22.1,27,25.2,28,24.8,20.6,15.9,12.2,11,29,15,6,2,0,0,0,0,0,0,2,10,26,47,119,161,273,460,590,560,408,301,186,91,451,341,292,234,147,19,2,4,41,121,208,325,0,0,0,1,7,89,189,160,60,10,1,0,16,20,24,25,30,30,31,31,30,30,28,20,15,4,0,0,0,0,0,0,0,0,1,5,27,35,74,95,128,159,167,140,99,78,45,28,0,0,42,64,118,157,165,130,84,78,38,0,79,78,63,61,59,60,65,69,69,63,71,75,20.33,12.14,-2.54,-4.17,-8.49,-14.06,-15.82,-12.76,-8.85,-9.31,-5.57,-4.65
DAV338118,39.42501,-121.8937,21.52,Year_2019.ann,16.8,26.3,6.6,19.7,926,90,28.9,293.2,29,4362,1434,990,343,49,329,280,8,-10.4,47,1311,963,17,59,-42.04,2715,12.7,22.3,35.1,25.9,3.5,9,16.9,9.2,8.1,15.7,26,17.5,566,235,5,69,7.9,20.6,25.3,14.2,25,3,0,1,314,982,1928,1138,890,315,4,226,1,86,739,164,74,90,92,88,7,0,0,0,101,342,596,271,0,170,592,202,70,60,51,52,50.93,-3.85,-59.88,-29.23,13.9,11,16.7,24.8,25.4,34.3,35.4,35.8,30.5,25.7,21.4,11.7,4.7,2.2,5.6,10.7,10.8,16.8,16.9,16.9,13.3,8.4,5.9,4.7,9.3,6.6,11.2,17.7,18.1,25.5,26.1,26.3,21.9,17,13.6,8.2,156,313,136,36,64,4,0,1,21,4,44,148,7.5,9.8,16.7,22.2,22.7,25.5,26.2,24.2,19.9,13.5,9.3,6.3,6,11,3,0,0,0,0,0,0,0,1,8,139,64,194,381,407,615,654,660,505,373,260,111,274,315,213,54,48,2,1,1,15,68,143,301,0,0,1,40,45,227,253,259,130,28,6,0,27,19,29,30,31,30,31,31,30,30,28,27,1,6,0,0,0,0,0,0,0,0,0,1,34,37,72,122,148,198,208,190,129,89,53,30,0,0,0,86,84,195,208,189,108,84,9,0,70,71,65,58,57,52,50,49,52,50,53,69,11.06,28.31,7.55,-6.86,-4.54,-18.54,-20.4,-20.95,-13.27,-11.43,-4.53,11.56
JEPS117323,39.80194,-121.7269,252.18,Year_2010.ann,16.5,27.3,8.6,18.8,1391,63,19,435.9,23,4222,1517,936,356,34,354,320,6,-8.1,41.1,1171,740,16.5,66,21.32,2538,12.2,18.9,33.3,24.3,5.2,7.4,17.3,12.1,8.7,13.1,25.3,18.2,667,314,8,247,7.8,19.7,24.9,13.7,18,3,0,1,399,756,1866,1202,790,483,8,236,1,19,679,236,85,89,92,90,6,0,0,0,91,291,547,243,0,81,539,120,77,64,56,64,71.29,9.93,-52.82,-7.08,11.4,14.3,17.3,17.9,21.6,30.4,35.8,33.6,31.9,24.5,16.6,11.3,5.7,6.6,6.2,6.8,9.1,16,18.9,17.2,15.7,13.6,7,6,8.6,10.5,11.8,12.3,15.3,23.2,27.3,25.4,23.8,19.1,11.8,8.7,359,180,88,182,45,5,0,3,10,118,119,282,7.9,8.9,16.6,20.2,22.3,24.1,26.8,23.7,20.4,12.4,8.3,6.6,7,4,2,1,0,0,0,0,0,0,1,7,119,157,210,223,323,545,691,630,563,435,204,123,296,207,199,181,103,6,0,1,8,37,192,287,0,0,1,3,14,160,290,229,174,61,2,1,29,27,29,29,31,30,31,31,30,31,29,29,3,0,0,0,0,0,0,0,0,0,0,2,26,40,73,91,126,170,204,172,130,73,39,25,0,0,0,0,81,166,204,169,120,0,0,0,81,75,65,65,62,59,54,55,55,67,69,74,32.75,13.39,2.41,11.6,-4.09,-14.23,-20.68,-17.91,-15.59,2.34,6.17,25.16
SBBG182634,35.64849,-121.0633,502.33,Year_2015.ann,15.8,21.2,8.9,12.2,573,38,45,555.3,13,3968,1276,443,353,32,359,326,1,-7.4,42,1161,825,17.3,63,-50.51,2197,17.9,20.7,25.9,23.6,7.4,8.1,13.9,11.1,12.7,14.4,19.9,17.3,493,109,2,188,10.4,22,22.1,14.9,11,1,0,1,606,868,1371,1123,589,383,59,246,5,28,237,173,83,90,92,88,1,0,0,0,151,326,427,258,18,217,425,166,67,61,65,62,7.6,-14.31,-32.58,-11.23,19.2,19.1,22.6,20.2,19.2,25.9,24.5,27.2,27.4,25.2,18.3,13.9,6.2,7.7,7.7,6.9,9.6,12.7,14.2,14.9,15,12.7,5.5,4,12.7,13.4,15.1,13.6,14.4,19.3,19.4,21,21.2,19,11.9,8.9,36,112,28,56,24,2,0,0,12,27,150,126,10.2,12.3,20.8,22.9,22.3,21.9,22.3,22,19.7,14.3,10.6,8.7,2,2,1,0,0,0,0,0,0,0,1,6,240,235,315,259,295,428,445,497,484,431,207,132,173,137,109,147,127,28,20,11,19,38,189,278,2,3,12,6,9,69,63,105,113,58,2,1,29,28,31,29,31,30,31,31,30,31,27,26,0,0,0,0,0,0,0,0,0,0,0,0,54,61,104,111,111,150,135,141,116,89,54,36,18,0,75,55,87,148,135,141,104,62,0,0,60,65,55,59,70,61,69,64,64,63,60,77,-4.14,3.91,-7.1,-2.74,-4.48,-11.13,-9.56,-11.89,-10.86,-8.02,7.65,7.83
UCR0068255,38.4825,-120.8325,384.56,Year_2012.ann,16.1,26.3,6.9,19.5,1155,46,22.6,576,28,4107,1558,842,338,52,342,291,3,-11.1,49.5,1315,850,18,58,-20.37,2469,15,20.5,33.5,25.3,3.1,7.3,14.7,10.6,9,13.9,24.1,17.9,228,419,17,253,9.3,20.9,26.8,14.9,23,5,0,1,348,824,1757,1177,852,447,15,244,1,54,573,215,69,87,92,89,1,1,0,1,126,332,583,273,0,138,566,146,62,60,49,57,32.24,15.77,-57.08,-11.3,15.2,15.3,14.8,20.2,26.5,30.3,34.2,36.1,33.1,25,17.8,11,3.4,3.6,4.6,7.3,9.9,12.4,15.2,16.6,14.9,10.1,6.8,2.7,9.3,9.4,9.7,13.8,18.2,21.3,24.7,26.3,24,17.6,12.3,6.9,130,76,244,153,22,15,2,1,7,75,171,260,8.8,11.7,16.2,21.8,24.8,27.4,27.3,25.5,21.4,14,9.3,7.4,6,5,4,0,0,0,0,0,0,0,1,11,139,131,150,265,409,488,609,660,568,390,220,78,274,236,259,141,47,13,2,1,7,58,180,342,0,0,0,7,47,106,208,259,178,35,2,0,24,23,27,29,31,30,31,31,30,31,28,23,1,0,1,0,0,0,0,0,0,0,1,0,41,49,67,105,160,182,206,195,143,86,45,36,0,0,0,0,138,167,204,195,136,11,0,0,62,63,67,60,52,50,48,48,50,56,65,61,7.42,1.94,19.17,7.17,-10.57,-14.57,-20.09,-22.42,-18.1,-3.7,10.49,22.88
UCR0068275,34.41306,-118.5208,373,Year_2014.ann,19.4,25.5,12.9,12.6,369,10,79.7,2671.1,5,5258,640,1132,365,4,365,361,0,-4.5,44.2,1526,1289,19.5,55,-123.31,3408,21.6,25.6,32.9,29,7.6,10,15.5,13,14.6,17.8,24.2,21,126,73,5,27,11.3,23.6,26.4,16.7,4,1,0,0,865,1179,1766,1448,360,176,11,93,46,145,581,361,90,92,92,91,0,0,0,0,194,418,581,333,63,344,576,305,58,54,52,55,0.55,-28.41,-54.4,-41.06,23,22,23.1,25.3,28.4,31.1,34.1,33.6,33.1,29.5,24.2,18.3,9.1,7.8,8.7,9.2,12.2,13.5,16.9,16.1,16,13.3,9.6,7.6,16.1,14.9,15.9,17.3,20.3,22.3,25.5,24.9,24.6,21.4,16.9,12.9,3,105,52,18,3,0,1,4,1,3,23,156,10.6,14.2,20.5,24.8,25.4,27.4,27,24.8,21.6,16.4,12.1,9.2,1,1,1,0,0,0,0,0,0,0,0,2,340,278,338,368,472,518,634,614,585,506,357,248,90,101,91,61,24,9,1,2,6,17,70,168,33,8,19,34,92,134,233,214,199,119,43,5,31,28,31,30,31,30,31,31,30,31,30,31,0,0,0,0,0,0,0,0,0,0,0,0,66,74,107,138,172,189,205,187,151,112,70,54,63,0,55,120,169,189,204,184,150,109,47,0,58,57,57,53,54,51,53,52,53,54,57,58,-9.54,1.24,-4.76,-9.98,-13.67,-16.55,-19.22,-18.63,-18.21,-14.53,-8.32,8.85
UCSB002016,34.6819,-120.4358,87.54,Year_1983.ann,15,19.5,11.5,8,787,20,31.8,968.9,11,3668,1395,258,357,21,361,340,1,-6.9,39.9,1111,685,16.4,64,-15.51,1880,18.2,18.8,22.8,23.3,5.8,7.9,12.1,10.9,12,13.4,17.5,17.1,376,262,5,98,10.1,19.9,21.7,14.1,8,2,0,1,640,780,1148,1101,549,463,157,226,5,18,109,126,85,90,92,90,1,0,0,0,165,304,381,260,0,133,376,176,61,66,67,63,21.74,5.74,-24.92,-18.07,19.1,18,17.7,18.2,20.7,20.9,22.6,24.9,25.5,25,19.3,17.5,5.5,7.1,7.9,6.9,9,11,11.8,13.5,13.5,11.3,7.8,5.5,12.3,12.5,12.8,12.5,14.8,15.9,17.2,19.2,19.5,18.2,13.6,11.5,165,159,170,84,8,1,0,5,7,21,70,98,9.4,12.4,16.7,21.3,21.7,23.7,21.3,20.2,18.5,13.8,9.8,8.4,3,2,2,1,0,0,0,0,0,0,1,3,228,211,244,228,307,327,380,441,435,407,258,200,183,159,171,175,117,83,49,24,31,49,146,207,1,2,3,4,11,20,26,63,76,44,6,2,28,28,31,29,31,30,31,31,30,31,29,29,0,0,0,0,0,0,0,0,0,0,0,0,57,60,79,99,125,120,131,130,111,93,56,49,0,0,0,16,118,119,131,126,104,72,0,0,58,66,69,65,64,69,67,66,64,60,64,60,8.99,9.46,10.98,1.76,-7,-7.29,-8.38,-9.25,-9.55,-8.42,-0.1,3.29
